ODCAccessionNbr,DOI,DatasetTitle,DatasetTyp,Year,DatePublished,Laboratory,StudyLeader,SubjectNbrs,SpeciesTyp,SpeciesStrainTyp,SexTyp,AnimalSourceNam,AgeVal,AgeCatExp,AgeCatClinical,BodyWgtMeasrVal,InjuryTypExp,InjuryLaterality,InjuryDeviceCat,InjuryDevice,InjuryContusionForce,InjuryContusionDetails,InjuryTypClinical,InjurySeverityAIS,InjuryLevelAnatomical,InjuryLevelSpinal,InterventionTyp,InterventionDetails,Locomotion,OtherBehaviour,AuthorKeywords,RelatedDatasets,Funders,Purpose,CoDES
26,http://doi.org/10.7295/W9T72FMZ,"Cervical (C5), unilateral spinal cord injury with diverse injury modalities, multiple behavioral outcomes, and histopathology",Animal,2018,04/11/2018,Ferguson Lab,Not reported,159,Rat,Long Evans,Female; Not reported,Not reported,75-83 days,0-3 months,NA,Not reported,Hemisection; Contusion,Unilateral,Blade/wire; Impactor,Scalpel; NYU impactor; Infinite Horizons impactor,75; 100,Force; Displacement; Velocity,NA,NA,Cervical,C5,NA,NA,BBB; Catwalk,NA,bioinformatics; rodents; syndromics; translation,NA,Craig H. Neilsen Foundation; Department of Defense (USA); International Spinal Research Trust; National Institutes of Health; NYSCoRE; Wings for Life,Multivariate validation study of unilateral cervical contusion (hemi-contusion) model-development efforts,pre
212,http://doi.org/10.7295/W9HQ3X20,T10 lateral hemisection spinal cord injury with multiple histological and behavioral outcomes,Animal,2019,19/08/2019,He Lab,Not reported,119,Mouse,Not reported,Female; Male,Not reported,8-12 weeks,0-3 months,NA,Not reported,Hemisection; Ischemic stroke; Hindlimb CNS ablation,Lateral,Not reported,Not reported,NA,NA,NA,NA,Thoracic,T10,Drug/agent,AAV assisted delivery of insulin-like growth factor 1 (IGF-1) and osteopontin (OPN),Ladder walking,SPRGR,osteopontin (OPN); insulin-like growth factor 1 (IGF-1); axon regeneration; axon sprouting; functional recovery,NA,Craig H. Neilsen Foundation; Dr. Miriam and Sheldon G. Adelson Medical Research Foundation; Hong Kong Spinal Cord Injury Fund; National Institutes of Health; National Institute of Neurological Disorders and Stroke; Wings for Life,"A major hurdle for functional recovery after spinal cord injury is the limited re- growth of the axons in the corticospinal tract (CST) that originate in the motor cortex and innervate the spinal cord. In this study, we tested whether post-lesional AAV-assisted co- expression of two soluble proteins, namely insulin-like growth factor 1 (IGF1) and osteopontin (OPN), in cortical neurons leads to CST regrowth and CST-dependent functional recovery.",pre
419,http://dx.doi.org/10.34945/F5QP4H,Data for manuscript: Delayed short-term tamoxifen treatment does not promote remyelination or neuron sparing after spinal cord injury,Animal,2020,24/06/2020,Dana McTigue Lab,Not reported,39,Mouse,C57BL6,Female; Male,Not reported,10-12 weeks,0-3 months,NA,17-30 g,Contusion,Not reported,Not reported,Not reported,75,Force; Displacement,NA,NA,Thoracic,T9,Drug/agent,Tamoxifen,BMS; Ladder walking,SPRGR,myelination; spinal cord injury; tamoxifen,NA,Not reported,"Tamoxifen is widely used to spatially and temporally control gene expression; however, whether tamoxifen has off-target effects remains elusive. Here, we tested whether delayed short-term tamoxifen treatment changed motor and/or anatomical recovery after spinal cord injury.",pre
432,doi: 10.34945/F54S3W,Repeated measurements of hindlimb CatWalk variables in normal rats,Animal,2020,13/08/2020,Nick Jeffery Lab,Not reported,16,Rat,Sprague-Dawley,Male,Not reported,9 weeks,0-3 months,NA,250-275 g,NA,NA,NA,NA,NA,NA,NA,NA,NA,NA,NA,NA,NA,Catwalk,locomotor function; reference change value; variability,NA,The Institute for Rehabilitation and Research Foundation: Mission Connect,To provide a set of reference data for expected variability in hindlimb locomotor outcomes for normal young adult rats using the Catwalk.,pre
458,http://doi.org/10.34945/F59885,Behavior and histopathology after single-session cortical electrical stimulation and rehabilitative forelimb motor training in cervical spinal cord injury in females rats,Animal,2020,17/11/2020,Karim Fouad,Nicholas Batty,33,Rat,Lewis,Female,Charles River Canada,2 months,0-3 months,NA,180-220 g,DLQ,Unilateral (ipsilateral to preferred paw),Not reported,Not reported,NA,NA,NA,NA,Cervical,C4,Neuromodulation,Cortical electrical stimulation,NA,SPRGR,axonal collateral; electrical stimulation; neurite growth; plasticity; spinal cord injury,NA,Canadian Institutes of Health Research,"The aim of the study was to investigate the use of electrical cortical stimulation of injured corticospinal tract as a means to increase the beneficial effects of rehabilitative motor therapy after SCI in rats. The study showed that a single session of electrical stimulation of the injured fibers led to an increase in corticospinal tract (CST) plasticity, and functional recovery after training.",pre
262,http://doi.org/10.7295/W97942VQ,Data for the manuscript: Fecal Transplant Prevents Gut Dysbiosis and Anxiety-like Behaviour After Spinal Cord Injury in Rats,Animal,2020,03/12/2020,Karim Fouad,Emma Schmidt,57,Rat,Lewis,Female,Not reported,Not reported,Not reported,NA,180-200 g,Contusion,Unilateral,Not reported,Not reported,Not reported,NA,NA,NA,Cervical,Not reported,Other,Fecal microbiota transplant,NA,Open field; Light-dark box; Cylinder; Elevated plus maze,anxiety; dysbiosis; fecal microbiota transplant; spinal cord injury,NA,Canadian Institutes of Health Research; Craig H. Neilsen Foundation,To establish a model of anxiety following a cervical contusion spinal cord injury (SCI) in rats and to determine whether the microbiota play a role in the observed behavioural changes.,pre
553,http://doi.org/10.34945/F5ZW20,Self-directed reaching and grasping rehabilitation using automatic pellet presentation system after cervical dorsolateral quadrant injury in female rats,Animal,2021,14/01/2021,Keith K Fenrich,Not reported,19,Rat,Lewis,Female,Charles River Canada,Not reported,Not reported,NA,200-250 g,DLQ,Unilateral (ipsilateral to preferred paw),Blade/wire,Custom blade,NA,NA,NA,NA,Cervical,C4,NA,NA,NA,SPRGR,animal model; automation; grasping; motor control; neuroplasticity; reaching; rehabilitation training; training intensity,NA,Canadian Institutes of Health Research; Wings for Life,This data was collected as part of a study on the advantages of self-directed rehabilitation reaching and grasping training by using an automatic pellet presentation (APP) system. The goal of the study was to understand the factors that determine better rehabilitation-induced recovery in forelimb motor function after cervical spinal cord injury in rats exposed to the APP training system.,pre
405,http://doi.org/10.34945/F5QC7J,Acute blood RNA sequencing from SCI human patients,Clinical,2021,22/01/2021,TRACK-SCI,Not reported,48,Human (deidentified),NA,Female; Male,NA,18-89 years,NA,Adult,NA,NA,NA,NA,NA,NA,NA,Traumatic; Neurologically intact,A; B; C; D,Cervical; Thoracic; Lumbar,C1-L2,NA,NA,NA,NA,blood biomarker; clinical research; diagnostic biomarker; RNAseq; spinal cord injury,NA,Craig H. Neilsen Foundation; Department of Defense (USA); UCSF SCI Center of Excellence; Wings for Life,"The purpose of this study is to discover, through high throughput methods, blood RNA biomarkers with the ability to diagnose accurately the severity of the spinal cord injury at the acute stage.",pre
536,http://doi.org/10.34945/F58C7H,Surgical Blood Pressure and Expected Motor Recovery in Individuals with Traumatic Spinal Cord Injury,Clinical,2021,22/01/2021,*no lab listed in metadata,Not reported,25,Human (deidentified),NA,Female; Male,NA,18-74 years,NA,Adult,NA,NA,NA,NA,NA,NA,NA,Traumatic,A; B; C; D,Cervical; Thoracic,Not reported,NA,NA,NA,NA,intra-operative MAP; ISNCSCI; mean arterial pressure; motor recovery; spinal cord ischemia; spinal cord injury; trauma,NA,Department of Defense (USA): Congressionally Directed Medical Research Program - SCI Research Program; National Institutes of Health; National Institute of Neurological Disorders and Stroke; Wings for Life,Mean arterial blood pressure (MAP) during surgical intervention for individuals with spinal cord injury (SCI) was used to assess associations with motor recovery during the acute phase (post-surgery to rehabilitation discharge).,pre
457,http://doi.org/10.34945/F5JS3M,"Minocycline treatment for acute cervical spinal cord injury in female rats: behavioural, histopathological and systemic immune effects",Animal,2021,22/01/2021,Karim Fouad,Not reported,36,Rat,Lewis,Female,Not reported,Not reported,Not reported,NA,200-250 g,Contusion,Unilateral,Not reported,Not reported,125,NA,NA,NA,Cervical,C5,Drug/agent,Minocycline,NA,Open field; Light-dark box; Cylinder; Elevated plus maze,inflammation; minocycline; spinal cord injury,454,Craig H. Neilsen Foundation,Minocycline has been widely studied for its local anti-inflammatory properties; however little is known about its antibiotic and systemic immune effects following spinal cord injury (SCI). The aim of the present study is to elucidate multiple system-wide changes involving the microbiota-immune axis induced by minocycline treatment in a rodent model of cervical contusion SCI (unilateral contusion 125 kdyns at an angle of 15 degrees to the right at C5).,pre
454,http://doi.org/10.34945/F5F30N,Minocycline treatment for acute cervical spinal cord injury in female rats: microbiota composition,Animal,2021,22/01/2021,Karim Fouad,Not reported,36,Rat,Lewis,Female,Not reported,Not reported,Not reported,NA,200-250 g,Contusion,Unilateral,Not reported,Not reported,125,NA,NA,NA,Cervical,C5,Drug/agent,Minocycline,NA,NA,minocycline; spinal cord injury; 16S rRNA,457,Craig H. Neilsen Foundation,Minocycline has been widely studied for its local anti-inflammatory properties; however little is known about its antibiotic and systemic immune effects following spinal cord injury (SCI). The aim of the present study is to elucidate multiple system-wide changes involving the microbiota-immune axis induced by minocycline treatment in a rodent model of cervical contusion SCI (unilateral contusion 125 kdyns at an angle of 15 degrees to the right at C5).,pre
555,http://doi.org/10.34945/F5V30C,Acute post-injury blockade of a2d-1 calcium channel subunits on pathological autonomic plasticity after T3 crush spinal cord injury in female mice,Animal,2021,26/01/2021,Phillip Popovich,Not reported,199,Mouse,C57BL/6J; 129SVE,Female,Not reported,10-12 weeks,0-3 months,NA,Not reported,Crush,Not reported,Forceps,Forceps,NA,NA,NA,NA,Thoracic,T3,Drug/agent,Gabapentin (GBP),NA,NA,autonomic dysreflexia; dysautonomia; immunosuppression; neuroplasticity; spinal cord injury; synaptogenesis,NA,Craig H. Neilsen Foundation; Department of Defense (USA); National Institutes of Health; Ray W. Poppleton Endowment; Wings for Life,"After a spinal cord injury (SCI), normally innocuous visceral or somatic stimuli can trigger uncontrolled reflex activation of sympathetic circuitry, causing pathological dysautonomia. Here, we tested the hypothesis that SCI causes remarkable structural remodeling and synaptic plasticity, creating abnormal spinal sympathetic reflexes that promote dysautonomia. We also tested whether treating mice with prophylactic gabapentin (GBP), an FDA-approved drug that inhibits a2d-1-mediated synaptogenesis in the brain, can prevent these pathologies.",pre
459,http://doi.org/10.34945/F5FW2B,Lipopolysaccharide treatment in the subacute stage of cervical spinal cord injury enhances motor recovery and increases anxiety-like behaviour in female rats,Animal,2021,05/02/2021,Karim Fouad,Not reported,50,Rat,Lewis,Female,Not reported,Not reported,Not reported,NA,210-235 g,DLQ,Unilateral (ipsilateral to preferred paw),Not reported,Not reported,NA,NA,NA,NA,Cervical,C4,Drug/agent; Rehabilitative training,Lipopolysaccharide (LPS) in the sub-acute phase followed by rehabilitative training,Ladder walking,SPRGR; Open field; Cylinder; Elevated plus maze; von Frey,anxiety; inflammation; lipopolysaccharide; rehabilitation; spinal cord injury,NA,Wings for Life,"Previous published work in our laboratory found that eliciting inflammation with lipopolysaccharide (LPS) in the chronic (8 weeks) stage of cervical level 4 dorsolateral quadrant spinal cord injury (SCI) enhances the efficacy of rehabilitative training. The purpose of the present study is to determine whether sub-acute LPS treatment has a similar effect, since the lesion environment is already in a more inflammatory state at this earlier time point.",pre
595,http://doi.org/10.34945/F5QG66,"Hemodynamics, weight and overground locomotion from 1125 rats with different spinal cord injury thoracic contusion severities recovered from the Multicenter Spinal Cord Injury Study (MASCIS)",Animal,2021,03/03/2021,Ferguson Lab,Not reported,1125,Rat,Long Evans,Female; Male,Not reported,Not reported,Not reported,NA,Not reported,Contusion,Not reported,Impactor,MASCIS/NYU Impactor device,12.5 mm; 25 mm; 50 mm ,NA,NA,NA,Thoracic,T9-T10,NA,NA,BBB,NA,blood pressure; data archeology; dark data; Multicenter Animal Spinal Cord Injury Study (MASCIS),567,Craig H. Neilsen Foundation; Department of Veterans Affairs (USA); National Center for Advancing Translational Sciences; National Institutes of Health; National Institute of Neurological Disorders and Stroke; National Institute of Mental Health; Wings for Life,Results of the process of archeological data recovery of spinal cord injury (SCI) data sets from the Multicenter Spinal Cord Injury Study (MASCIS). The goal for this subset of the MASCIS dataset was to externally validate previous fundings on the importance of peri-surgery blood pressure in long term recovery.,pre
567,http://doi.org/10.34945/F5V884,"A comprehensive set of hemodynamic parameters, blood gases and hemoglobin levels during spinal cord injury procedure followed by weekly assessments of locomotor and bladder function recovery with survival histology data from 334 rats in the MASCIS trial",Animal,2021,03/03/2021,Ferguson Lab,Not reported,334,Rat,Not reported,Female; Male,Not reported,Not reported,Not reported,NA,Not reported,Not reported,Not reported,Not reported,Not reported,12.5 mm; 25 mm; 50 mm ,NA,NA,NA,Not reported,Not reported,NA,NA,BBB,NA,data-driven discovery; data recovery; FAIR data; spinal cord injury; topological data analysis,595,Craig H. Neilsen Foundation; Department of Defense (USA); National Institutes of Health; NYSCoRE; Wings for Life,To describe the application of topological data analysis (TDA) for data-driven discovery in preclinical spinal cord injury (SCI) data sets mined from the Visualized Syndromic Information and Outcomes for Neurotrauma-SCI (VISION-SCI) repository.,pre
602,http://doi.org/10.34945/F5B59T,Alteration of H-reflex and MEP amplitude in the flexor carpi radialis muscle with transcutaneous spinal cord stimulation during static and leg cycling tasks in neurologically intact male and female humans,Clinical,2021,09/03/2021,Mushahwar Lab University of Alberta,Not reported,17,Human (deidentified),NA,Female; Male,NA,Not reported,Not reported,Not reported,NA,NA,NA,NA,NA,NA,NA,Neurologically intact,NA,NA,NA,Neuromodulation,Transcutaneous spinal cord stimulation,NA,NA,cervico-lumbar coupling; corticospinal facilitation; electromyography; H-reflex; motor evoked potential (MEP); transcutaneous spinal cord stimulation,NA,Alberta Innovates; Canada Foundation for Innovation; Canada Research Chairs; Canadian Institutes of Health Research; University of Alberta Faculty of Medicine and Dentistry,"In this study, we investigated the ability of tSCS applied to the lumbar and cervical spinal cord to modulate cervical circuitry. We raised two questions in this study: 1) To what extent can the cervical circuitry of the spinal cord be modulated by tSCS as measured in the flexor carpi radialis (FCR) by Hoffmann (H-)reflex and motor evoked potential (MEP) amplitude? 2) Does providing tSCS at multiple segments of the spinal cord (lumbar and cervical combined) converge to alter excitability of H-reflex or MEP amplitude to a greater extent compared to either site alone? The neuromodulatory effects of tSCS were assessed during both a static task and relative to a leg cycling paradigm to determine if tSCS alters cervico-lumbar coupling.",pre
556,http://doi.org/10.34945/F56C7W,Behaviour and histopathology after simultaneous cortical infusion of PKA and EPAC agonists and rehabilitative forelimb motor training after incomplete cervical spinal cord injury in female rats,Animal,2021,22/03/2021,Karim Fouad,Nicholas Batty,51,Rat,Lewis,Female,Charles River Canada,2 months,0-3 months,NA,180-220 g,DLQ,Unilateral (ipsilateral to preferred paw),Not reported,Not reported,NA,NA,NA,NA,Cervical,C4,Drug/agent,Protein kinase A (PKA) agonist; exchange protein activation by cAMP (EPAC) agonist,NA,SPRGR; von Frey,axonal collateral; cAMP; EPAC; PKA; plasticity; neurite growth; spinal cord injury,NA,Canadian Institutes of Health Research,The aim of the current study was to investigate the application of agonists for EPAC or for both EPAC and PKA to the motor forelimb cortex innervating the injured corticospinal tract as a means to increase the beneficial effects of rehabilitative motor therapy after cervical SCI in rats.,pre
619,http://doi.org/10.34945/F5S59V,"Treatment with Gallium Maltolate after spinal cord thoracic contusion in female mice, functional outcome and inflammatory markers",Animal,2021,24/03/2021,Kroner,Kroner,43,Mouse,C57BL6/6J,Female,Charles River,8 weeks,0-3 months,NA,17-21 g,Contusion,Not reported,Not reported,Not reported,40,Force; Displacement,NA,NA,Thoracic,T11,Drug/agent,Gallium maltolate,BMS,none,gallium maltolate; inflammation; iron,NA,Department of Veterans Affairs (USA),To explore the anti-inflammatory role of the iron competitor gallium maltolate after SCI.,pre
578,http://doi.org/10.34945/F5XW2P,"Effects of a fecal transplant from anxious donors on rehabilitative training, microbiota composition, systemic inflammation and behaviour following a unilateral cervical spinal contusion (C5, 125kdyn) in female Lewis rats",Animal,2021,08/04/2021,Karim Fouad,Not reported,40,Rat,Lewis,Female,Not reported,Not reported,Not reported,NA,200-260g,Contusion,Unilateral,Impactor,Infinite Horizons impactor,125,NA,NA,NA,Cervical,C5,Rehabilitative training; Other,Fecal microbiota transplant,NA,SPRGR; Open field; Cylinder; Elevated plus maze; von Frey,anxiety; inflammation; fecal transplant; spinal cord injury,NA,Not reported,To determine whether optimal donor selection would influence the outcome of a fecal microbiota transplant (FMT) and the efficacy of rehabilitative training after a unilateral C5 spinal contusion.,post
465,http://doi.org/10.34945/F5HP4N,"Hemodynamic stability, incidence of pain, skin redness, autonomic dysreflexia and other safety related outcome measures of transcutaneous electrical spinal cord stimulation in children with cervical and thoracic spinal cord injuries",Clinical,2021,13/08/2021,*no lab listed in metadata,Behrman,8,Human (deidentified),NA,Not reported,NA,3-14 years,NA,Pediatric,NA,NA,NA,NA,NA,NA,NA,Not reported,Not reported,Cervical; Thoracic,Not reported,Neuromodulation,Transcutaneous electrical spinal cord stimulation (scTS),NA,NA,feasibility; neuromodulation; pediatric spinal cord injury; safety; trunk control,NA,National Institutes of Health,A pilot study to establish the safety and feasibility of transcutaneous electrical spinal cord stimulation (scTS) to augment upright sitting posture and trunk control in children with spinal cord injury.,post
620,http://doi.org/10.34945/F5NC7X,Trunk kinematic and center of pressure displacement time series data during transcutaneous lumbosacral spinal cord stimulation and passive pelvic tilt in human pediatric participants with trunk control impairments due to cervical or thoracic spinal cord injury (pilot clinical trial NCT03975634),Clinical,2021,13/08/2021,Andrea Behrman,Behrman,5,Human (deidentified),NA,Not reported,NA,3-14 years,NA,Pediatric,NA,NA,NA,NA,NA,NA,NA,Not reported,Not reported,Cervical; Thoracic,Not reported,Neuromodulation,Transcutaneous electrical spinal cord stimulation (scTS),NA,NA,kinematics; pediatric spinal cord injury; transcutaneous lumbosacral spinal cord stimulation; trunk control,NA,National Institutes of Health,A pilot clinical trial that established the safety and feasibility of transcutaneous lumbosacral electrical spinal cord stimulation (scTS) to augment upright sitting posture and trunk control in children with spinal cord injury.,post
245,http://doi.org/10.34945/F5R59J,"ASIA Impairment Scale, level of injury, intraoperative time series mean arterial pressure and heart rate after spinal cord injury in patients in a multi-site retrospective TRACK-SCI cohort: site 1 of 2",Clinical,2021,17/11/2021,Ferguson Lab,Not reported,31,Human (deidentified),NA,Not reported,NA,18-81 years,NA,Adult,NA,NA,NA,NA,NA,NA,NA,Traumatic,A; B; C; D; E,Cervical; Other,Not reported,NA,NA,NA,NA,hemodynamics; human; intraoperative; mean arterial pressure; spinal cord injury; time seires,246; 536,Craig H. Neilsen Foundation; Department of Defense (USA); Department of Veterans Affairs (USA); National Institutes of Health; National Institute of Neurological Disorders and Stroke; Wings for Life,The goal for the collection of this data was to assess whether intraoperative hemodynamics (arterial pressure and heart rate) is associated to patient neurological improvement at hospital discharge in spinal cord injury,post
246,http://doi.org/10.34945/F5MG68,"ASIA Impairment Scale, level of injury, intraoperative time series mean arterial pressure and heart rate after spinal cord injury in patients in a multi-site retrospective TRACK-SCI cohort: site 2 of 2",Clinical,2021,17/11/2021,Ferguson Lab,Not reported,87,Human (deidentified),NA,Not reported,NA,18-87 years,NA,Adult,NA,NA,NA,NA,NA,NA,NA,Traumatic,A; B; C; D; E,Cervical; Other,Not reported,NA,NA,NA,NA,hemodynamics; human; intraoperative; mean arterial pressure; spinal cord injury; time seires,245,Craig H. Neilsen Foundation; Department of Defense (USA); Department of Veterans Affairs (USA); National Institutes of Health; National Institute of Neurological Disorders and Stroke; Wings for Life,The goal for the collection of this data was to assess whether intraoperative hemodynamics (arterial pressure and heart rate) is associated to patient neurological improvement at hospital discharge in spinal cord injury,post
652,http://doi.org/10.34945/F5D01P,"Studying Sex as a Biological Variable: Considerations of weight, anemia and mortality following thoracic spinal cord contusion injury in male and female mice",Animal,2021,22/11/2021,Gensel Lab (Nero),Andrew Stewart,91,Mouse,C57BL/6,Female; Male,Jax; National Institute on Aging,4 months; 14 months,4-6 months; 12-18 months,NA,18-44 g,Contusion,Not reported,Impactor,Infinite Horizons impactor,60,Force; Displacement,NA,NA,Thoracic,T9,NA,NA,BMS,NA,NA,NA,National Institutes of Health,"To examine functional recovery, morbidity, mortality, etc. as a function of both sex and age in C57Bl/6J mice after thoracic contusion SCI.",post
713,http://doi.org/10.34945/F5V01Q,Gait kinematic parameters and onset/offset of EMG muscle activities during overground walking in healthy female Yucatan minipigs at different speed ranges from 0.4 m/s to 1.6 m/s,Animal,2022,11/03/2022,Mushahwar Lab University of Alberta,Vivian Mushahwar,9,Pig,Yucatan,Female,Not reported,Not reported,Not reported,NA,32-42 kg,NA,NA,NA,NA,NA,NA,NA,NA,NA,NA,NA,NA,Gait kinematics,NA,kinematics; large animal model; overground walking; porcine model; spinal cord injury; walking,NA,Canada Foundation for Innovation; Canadian Institutes of Health Research; Department of Defense (USA),To provide a baseline for the overground walking in the healthy Yucatan mini pigs.,post
696,http://doi.org/10.34945/F5ZP4P,Neuroprotection and bromodomain and extra-terminal domain (BET) protein inhibition after T8 spinal cord contusion in female rats and mice,Animal,2022,08/04/2022,Jae Lee Lab,Susana Cerqueira,109,Rat; Mouse,Fischer 344; C57BL/6,Female,Envigo; Jackson Labs,Not reported; 8-10 weeks,0-3 months,NA,160-180 g; Not reported,Contusion,Not reported,Impactor,Infinite Horizons impactor,65; 200,Force; Displacement,NA,NA,Thoracic,T8,Drug/agent,IBET-151; IBET-762,BBB; BMS,NA,BET proteins; BRD4; epigenetic inhibition; inflammation; spinal cord inj,NA,Department of Defense (USA); National Institutes of Health; National Institutes of Neurological Disorders and Stroke,"To test the therapeutic potential of inhibiting bromodomain and extraterminal domain (BET) proteins after SCI, and investigate the role of the BET protein BRD4 in macrophages during progression of SCI pathology.",post
727,http://doi.org/10.34945/F5KG6Z,"AIS impairment scale, injury characteristics, intraoperative data after spinal cord injury in patients from a TRACK-SCI cohort",Clinical,2022,24/03/2022,TRACK-SCI De-ID Lab,Adam R Ferguson and Jonathan Z Pan,159,Human (deidentified),NA,Not reported,NA,18-87 years,NA,Adult,NA,NA,NA,NA,NA,NA,NA,Traumatic,A; B; C; D; E,Cervical; Other,Not reported,NA,NA,NA,NA,,,Craig H. Neilsen Foundation; Department of Defense (USA); Department of Veterans Affairs (USA); National Institutes of Health; National Institute of Neurological Disorders and Stroke; Wings for Life,"To identify predictors of whether a patient would improve on the ASIA Impairment Scale (AIS) grade between time of hospital admission and hospital discharge; predictors investigated include injury characteristics, anesthetics and vasopressors used during surgery, MRI BASIC score, length of surgery and hospital stay, and intraoperative hemodynamics.",post
734,http://doi.org/10.34945/F56887,Genetic deletion of the glucocorticoid receptor in Cx3cr1+ myeloid cells is neuroprotective and improves motor recovery in female mice after 75 kdyne T9 contusion spinal cord injury,Animal,2022,13/05/2022,Phillip Popovich,Phillip G. Popovich,39,Mouse,C57BL/6J,Female; Unknown,Bred at OSU University Animal Laboratory Resources Facility,7-30 weeks; unknown,0-3 months; 4-6 months; 7-12 months,NA,20-30 g,Contusion,Not reported,Impactor,Infinite Horizons impactor,75,Force; Displacement,NA,NA,Thoracic,T9,Genetic,Glucocorticoid receptor deletion,BMS,NA,astrocyte; axon regeneration; behaviour; deymelinated; glucocorticoid; macrophage; microglia; spinal cord injury,NA,National Institutes of Health; Ray W. Poppleton Endowment; Wings for Life,"In myeloid cells, glucocorticoids binding to GRs can enhance or repress gene transcription, thereby imparting distinct and context-dependent functions in macrophages at sites of inflammation. In experimental models and in humans, glucocorticoids are widely used as anti-inflammatory treatments to promote recovery of function after SCI. Thus, we predicted that deleting GR in mouse myeloid lineage cells (i.e., microglia and monocyte-derived macrophages) would enhance inflammation at the site of injury and worsen functional recovery after traumatic spinal cord injury (SCI).",post
695,http://doi.org/10.34945/F5B012,Microglia coordinate cellular interactions during spinal cord repair after contusion or crush spinal cord injury in female mice,Animal,2022,13/05/2022,Phillip Popovich,Faith Brennan,230,Mouse,C57BL/6J,Female,Jackson Labs,10-12 weeks,0-3 months,NA,Not reported,Contusion; Crush,Complete (crush),Forceps; Impactor,Infinite Horizons impactor; forceps,75,Force; Displacement,NA,NA,Thoracic; Lumbar,T9; L1,Drug/agent,PLX5622,BMS; Ladder walking,"SPRGR; Heat sensitivity, von Frey",astrocyte; axon regeneration; behaviour; demyelinating disease; microglia; spinal cord injury,NA,Craig H. Neilsen Foundation; National Institutes of Health; Ray W. Poppleton Endowment; Wings for Life,"To better understand the specific role of microglia in SCI, we pharmacologically depleted microglia using the CSF1R antagonist PLX5622 (1200 ppm).",post
735,http://doi.org/10.34945/F52G69,Lung immunity after complete thoracic spinal cord transection in female mice,Animal,2022,13/05/2022,Phillip Popovich,Katherine A. Mifflin,242,Mouse,C57BL/6J,Female,Jackson Labs,9-13 weeks,0-3 months,NA,Not reported,Transection,Complete (transection),Blade/wire,Microscissors and suction,NA,NA,NA,NA,Thoracic,T2; T4,NA,NA,NA,NA,AMD3100; bacteria; immune surveillance; infection; lung; pneumonia; pulmonary immunity; spinal cord injury,NA,Craig H. Neilsen Foundation; EU Eura Net - Neuron Program; National Institutes of Health; National Institute of Neurological Disorders and Stroke; Ohio State University; Ray W. Poppleton Endowment; William E. Hunt and Charlotte M. Curtis Endowment; Wings for Life,To test the hypothesis that SCI directly impairs pulmonary immunity and subsequently increases the risk for developing pneumonia.,post
747,http://doi.org/10.34945/F5DS3C,Comparing the effect of skilled forelimb rehabilitative training after unilateral cervical contusion and dorsal quadrant spinal cord injury in female Lewis rats,Animal,2022,10/06/2022,Keith K Fenrich,Ana Lucas Osma; Romana Vavrek; Emma Schmidt,42,Rat,Lewis,Female,Charles River Canada,8 weeks,0-3 months,NA,180-220 g,Contusion; DLQ,Unilateral (contusion: 1.25 mm from midline 15 degrees towards midline; DLQ: ipsilateral to preffered paw),Blade/wire; Impactor,Infinite Horizons impactor; Custom blade,125,NA,NA,NA,Cervical,C4; C5,Rehabilitative training,SPRGR training,NA,SPRGR; Forelimb severity score,corticospinal tract; dorsolateral quadrant transection; forelimb motor task; functional recovery; grey matter loss; neuroplasticity; rubrospinal tract; rehabilitative training; single pellet reaching; skilled motor task; spinal cord injury; unilateral contusion,NA,Canadian Institutes of Health Research; Craig H. Neilsen Foundation,"To compare the impact of injury size on recovery in a SPRGR task, in rats with cervical unilateral contusion injuries (UCs) with a dorsolateral quadrant transection (DLQ).",post
retracted,retracted,retracted,,2022,,,,,,,,,,,,,,,,,,,,,,,,,,,,,,,
retracted,retracted,retracted,,2022,,,,,,,,,,,,,,,,,,,,,,,,,,,,,,,
774,http://doi.org/10.34945/F5588X,Immune phenotyping SCI patients versus healthy controls,Clinical,2022,29/08/2022,Somers-Fraussen lab,Not reported,36,Human (deidentified),NA,Female; Male,NA,18-73 years,NA,Adult,NA,NA,NA,NA,NA,NA,NA,Traumatic; Neurologically intact,A; B; C; D; E,Cervical; Thoracic,Not reported,NA,NA,NA,NA,B cell; flow cytometry; human; immune profiling,NA,Wings for Life,To extensively analyse the circulating immune cell composition in traumatic SCI patients in relation to clinical parameters.,post
731,http://doi.org/10.34945/F5XS31,Assessment of spinal cord glutathione levels and regulatory pathways at 1- and 3-days post-injury after 60 kDyn T9 spinal-contusion using the Infinite Horizons impactor in male and female 4- and 14-month old mice and evaluating n-acetylcysteine amide as a therapy in female 4- and 14-month old mice to restore spinal cord levels of glutathione and to protect against oxidative stress and affect locomotor outcomes and thermal sensitivity by 28-days after spinal cord injury,Animal,2022,13/09/2022,Gensel Lab (Nero),Andrew Stewart,198,Mouse,C57BL/6,Female; Male,Jax,4 months; 14 months,4-6 months; 12-18 months,NA,19-41 g,Contusion,Bilateral,Impactor,Infinite Horizons impactor,60,Force; Displacement,NA,NA,Thoracic,T9,Drug/agent,n-acetylcysteine amide (NACA),BMS,Hargreaves,aging; neuroprotection; oxidative stress; redox activity; sex difference,NA,Craig H. Neilsen Foundation; National Institutes of Health; National Institute on Alcohol Abuse and Alcoholism; National Institute of Neurological Disorders and Stroke; University of Kentucky,"To evaluate the role of advanced age at the time of spinal cord injury (SCI) on antioxidant defense, with an emphasis on glutathione synthesis and metabolism; further this study aimed to determine if enhancing spinal levels of glutathione using the cysteine supplement n-acetylcysteine amide (NACA) would confer age-dependent effects on functional and histological outcomes.",post
811,http://doi.org/10.34945/F5WS3Q,Facilitation of sensory axon conduction to motoneurons during cortical or sensory evoked primary afferent depolarization (PAD) in humans,Clinical,2022,07/12/2022,Gorassini,Gorassini,40,Human (deidentified),NA,Female; Male,NA,20-67 years,NA,Adult,NA,NA,NA,NA,NA,NA,NA,Neurologically intact,NA,NA,NA,NA,NA,NA,NA,corticospinal tract; cutaneous afferents; GABA; H-reflex; nodal facilitation; presynaptic inhibition; primary afferent depolarization; proprioceptive afferents,824,Natural Sciences and Engineering Research Council of Canada,"GABAergic pathways actually facilitate conduction along afferents in the spinal cord by depolarizing the afferent at vulnerable branch points and reducing branch point failure; based on these recent findings, we evaluated similar pathways in uninjured humans",post
800,http://doi.org/10.34945/F51G60,"Delayed viral vector mediated delivery of neurotrophin-3 improves skilled hindlimb placement on the horizontal ladder, hindlimb coordination during swimming, and stability walking in the open field after T9 thoracic contusion in female rats",Animal,2022,09/12/2022,Philippa Warren Lab,Jared Sydney-Smith,29,Rat,Sprague-Dawley,Female,Charles River,8 weeks,0-3 months,NA,232-275 g,Contusion,Not reported,Impactor,Infinite Horizons impactor,250,Force; Displacement,NA,NA,Thoracic,T9,Drug/agent,AAV1-CMV-NT3,BBB; Ladder walking,Trunk stability; Toe clearance; Paw position; Tail position,adeno-associated viral vector; contusion; hyperreflexia; neuroplasticity; neurotrophin-3; proprioception; spinal cord injury,NA,International Spinal Research Trust; King's College London; Medical Research Council,To test the hypothesis that injection of AAV1-CMV-NT3 to the rat abdominal and hindlimb muscles 48-hours following severe T9 contusion will enable functional recovery of skilled locomotive activity and reduced hyper reflexivity in female rats.,post
822,http://doi.org/10.34945/F5VS3D,CatWalk Gait parameters at 8 weeks after T10 thoracic contusion using the MASCIS impactor model III in male and female 8- to 10-week old rats,Animal,2022,14/12/2022,Tianjin Key Laboratory of Spine and Spinal Cord,Guangzhi Ning,48,Rat,Wistar,Female; Male,Charles River,8-10 weeks,0-3 months,NA,190-210 g,Contusion,Not reported,Impactor,MASCIS impactor model III,12.5 mm; 25 mm; 50 mm ,Weight; Weight drop height,NA,NA,Thoracic,T10,NA,NA,NA,Catwalk,behavioural testing; CatWalk XT; locomotor function assessment; thoracic spinal cord contusion,NA,National Natural Science Foundation of China,"To discover CatWalk gait parameters applicable to different severity ranges (sham, mild, moderate, severe) of T10 spinal cord contusion injury in rats.",post
824,http://doi.org/10.34945/F5M88Z,H-reflex modulation from sensory conditioning in non injured female and male human participants,Clinical,2023,10/02/2023,Gorassini,Gorassini ,28,Human (deidentified),NA,Female; Male,NA,20-67 years,NA,Adult,NA,NA,NA,NA,NA,NA,NA,Neurologically intact,NA,NA,NA,NA,NA,NA,NA,GABA; H-reflex; presynaptic inhibition; post activation depression; 1a afferents,811,Natural Sciences and Engineering Research Council of Canada,To examine the control of sensory signals by GABAergic inputs along the Ia-motoneuron pathway in humans.,post
851,http://doi.org/10.34945/F5730S,hM4Di-mediated chemogenetic attenuation of acute nociceptive signaling enhances locomotor function and prevents the development of thermal hypersensitivity following moderate T10 spinal cord contusion injury in female Sprague-Dawley rats,Animal,2023,31/03/2023,Dulin Lab,Prakruthi Amar Kumar,51,Rat,Sprague-Dawley,Female,Charles River,6 weeks,0-3 months,NA,200-250 g,Contusion,Not reported,Impactor,Infinite Horizons impactor,150,Force; Displacement,,NA,Thoracic,T10,Drug/agent,AAV6-hM4Di,BBB,Hargreaves; von Frey; Acetone test,chemogenetics; locomotor function; nociception; sensation; spinal cord injury,NA,Craig H. Neilsen Foundation; The Institute for Rehabilitation and Research Foundation: Mission Connect; National Institutes of Health,To evaluate the effects of transient nociceptor silencing on long-term sensory and motor functional outcomes in a rat thoracic contusion SCI model.,post
853,http://doi.org/10.34945/F53889,An online survey about the top priorities for recovery and interest in Spinal Cord Stimulation for people living with SCI (Spinal Cord Injury),Clinical,2023,05/05/2023,Praxis Spinal Cord Institute,Not reported,231,Human (deidentified),NA,Female; Male,NA,Not reported,NA,Not reported,Not reported,NA,NA,NA,NA,NA,NA,Non-traumatic; Traumatic,A; B; C; D,Cervical; Thoracic; Lumbar,Cervical level C1-4 (upper neck); Cervical level C5-8 (lower neck); Thoracic level T1-T11 (upper/mid back); Lumbar/sacral level L1-S5 (lower back); Other; Not sure/ Do not know,NA,NA,NA,NA,clinical research; clinical trial design; community perspectives; community survey; risk tolerance; spinal cord injury; spinal cord stimulation,NA,Praxis Spinal Cord Institute; Western Economic Diversification Canada,To obtain opinions from people living with SCI (Spinal Cord Injury) on the desired outcomes and perceived potential risks of SCS (Spinal Cord Stimulation).,post
873,http://doi.org/10.34945/F5TS33,Developmental stage of transplanted neural progenitor cells influences anatomical and functional outcomes after C5 dorsal column lesion and T12 contusion spinal cord injury in male and female C57BL/6 mice,Animal,2023,12/05/2023,Dulin Lab,Miriam Aceves,106,Mouse,C57BL/6,Female; Male,Jackson Labs,10 weeks,0-3 months,NA,15-35 g,Dorsal column lesion; Contusion,Not reported,Blade/wire; Impactor,Wire knife; Infinite Horizons impactor,50,Force; Displacement,NA,NA,Cervical; Thoracic,C5; T12,Graft/cellular,Developmentally restricted NPCs,BMS,Hargreaves,CGRP; contusion; locomotor function; neural progenitor cell; neural stem cell; serotongergic axons; spinal cord injury; thermal sensi,NA,Craig H. Neilsen Foundation; The Institute for Rehabilitation and Research Foundation: Mission Connect; National Institutes of Health,To enhance understanding of how graft cellular composition influences regeneration and synaptogenesis of host axon populations or recovery of motor and sensory functions after SCI.,post
877,http://doi.org/10.34945/F5K88N,"Chronic demyelination and myelin repair after T9 contusion spinal cord injuries in male and female mice as measured by new myelin formation, motor evoked potentials, nodal structure, and EM myelin analysis, and further determining the link to glutamatergic axon activity and OPC contacts using chemogenetics in a T3 crush model",Animal,2023,17/05/2023,Dana McTigue,Npukos,139,Mouse,PDGFRalpha-CreERT2:Tau-mGFP; C57BL/6J; Vglut2-ires-Cre,Female; Male,Jackson Labs; in-house colony/breeding,2-4.5 months,0-3 months; 4-6 months,NA,19-24 g; Not reported,Contusion; Complete crush,Midline,Impactor,Infinite Horizons impactor; Not reported,75,NA,NA,NA,Thoracic,T3; T9,NA,NA,BMS; Ladder walking,NA,"demyelination; DREADDs; glutamate, myelin repair, spinal cord injury",NA,National Cancer Institute,To significantly extend those findings (re: generation of oligodendrocytes peaks 4-7 weeks post-injury) to determine the long-term myelin changes that occur in response to SCI.,post
893,http://doi.org/10.34945/F5SW2F,Female C57BL6/J mice exhibit increased heat hyperalgesia and mechanical allodynia compared to males following a T9 contusion spinal cord injury as measured by Hargreaves and SUDO von Frey testing,Animal,2023,23/06/2023,Gaudet Lab | University of Texas at Austin,Not reported,198,Mouse,C57BL/6J,Female; Male,Jackson Labs,1.75-5 months,0-3 months; 4-6 months,NA,Not reported,Contusion,Midline,Impactor,Infinite Horizons impactor,60; 65; 75,Force; Displacement,NA,NA,Thoracic,T9,NA,NA,BMS,SUDO von Frey; Hargreaves,chronic pain; neuropathic pain; sex as a biological variable; sex differences; spinal cord injury,NA,The Institute for Rehabilitation and Research Foundation: Mission Connect; University of Texas at Austin; Wings for Life,To test if contusion spinal cord injury (SCI) causes acute-to-chronic neuropathic pain-like symptoms in mice and to determine if there are sex differences in these SCI-induced pain-like behaviors.,post
887,http://doi.org/10.34945/F5XK5Q,Differences in anatomical outcomes between early chronic (8w) and far chronic (26w) time points after transplantation of mouse spinal cord neural progenitor cells into sites of cervical (C4) dorsal column lesion SCI in male and female mice,Animal,2023,29/06/2023,Dulin Lab,Angelina Baltazar,30,Mouse,C57BL/6,Female; Male,Jackson Labs,8 weeks,0-3 months,NA,17-33 g,Dorsal column lesion,Not reported,Blade/wire,Wire knife,NA,NA,NA,NA,Cervical,C4,Graft/cellular,NPCs,NA,NA,cell transplantation; CGRP; corticospinal tract; dorsal column tract; neural progenitor cell; neural stem cell; regeneration; spinal cord injury,NA,The Institute for Rehabilitation and Research Foundation: Mission Connect; National Institutes of Health; Texas A&M College of Science,To determine how commonly assessed anatomical outcomes evolve between the early and far chronic time points post-NPC transplantation.,post
938,http://doi.org/10.34945/F5DK52,"Lumbar (L2-L4) intermediate gray matter (laminae V-VIII) kainic acid-induced spinal cord injury in female Fisher 344 rats creates deficits in gross locomotion, coordination, balance and gait",Animal,2023,31/08/2023,Puttagunta Lab,Naemi Kuehn,29,Rat,Fischer 344,Female,Janvier Labs France,10 weeks,0-3 months,NA,180-200 g,Kainic acid,Bilateral,Other,PicoSpritzer II and a pulled glass capillary,NA,NA,NA,NA,Thoracic,T12; T13,NA,NA,BBB; Ladder walking,Inclined beam; von Frey; Hargreaves; Catwalk,behavioural deficits; lumbar enlargement; spinal cord injury; spinal gray matter; spinal interneurons; spontaneous functional recovery,NA,Deutsche Forschungsgemeinschaft,To establish a lumbar intermediate gray matter spinal cord injury model for future cell transplantation work with detailed behavioral readouts.,post
941,http://doi.org/10.34945/F55305,"Impact of Anti-CCL3 FANA Oligonucleotide in T10 contusion Spinal Cord Injury using female mice on locomotor function, and inflammation",Animal,2023,04/10/2023,Kroner,Kroner,102,Mouse,C57BL/6,Female,Charles River,8 weeks,0-3 months,NA,18-21 g,Contusion,Not reported,Impactor,Infinite Horizons impactor,40,Force; Displacement,NA,NA,Thoracic,T10,Drug/agent,FANA ASO,BMS,Weight support,CCL3; FANA ASO; inflammation; novel RNA inhibitor; secondary damage; spinal cord injury,NA,Department of Neurosurgery,To examine the therapeutic potential of a novel antisense oligonucleotide (ASO) with special chemical modifications [2'-deoxy-2-fluoro-D-arabinonucleic acid (FANA) ASO] for specifically inhibiting an inflammatory molecule in the injured spinal cord.,post
956,http://doi.org/10.34945/F5N30H,C57BL/6J mice exposed to dim light-at-night following a T9 contusion spinal cord injury exhibit modest improvements in locomotor recovery accompanied by increased behaviors related to depression and mechanical neuropathic pain,Animal,2023,17/10/2023,Gaudet Lab | University of Texas at Austin,Not reported,39,Mouse,C57BL/6J,Female; Male,Jackson Labs,30 weeks,7-12 months,NA,19-42 g,Contusion,Midline,Impactor,Infinite Horizons impactor,65,Force; Displacement,NA,NA,Thoracic,T9,Other,Alteration to light-dark cycle,BMS,SUDO von Frey; Hargreaves; Sucrose preference test; Juvenile social exploration; Open field test,anxiety; circadian rhythm; depression; neuroinflammation; neuropathic pain; neuroprotection; spinal cord injury,NA,The Institute for Rehabilitation and Research Foundation: Mission Connect; National Institutes of Health; National Institute of Neurological Disorders and Stroke; University of Texas at Austin; Wings for Life,"To assess the effects of circadian disruption via exposure to dim light-at-night (dLAN) on locomotor recovery, tissue sparing, neuropathic pain sensitivity, and mood-related behaviors in mice following a T9 contusion spinal cord injury.",post
687,http://doi.org/10.34945/F5HC7P,"Probiotic treatment in female Lewis rats following unilateral incomplete cervical (C5) contusion injury: behavior, histological and systemic cytokine data",Animal,2023,02/11/2023,Karim Fouad,Fouad,28,Rat,Lewis,Female,Charles River Canada,12 weeks,0-3 months,NA,210-220 g,Contusion,Unilateral (right side),Impactor,Infinite Horizons impactor,125,NA,NA,NA,Cervical,C5,Drug/agent,Probiotic cocktail,Ladder walking,Elevated plus maze; Light-dark box; Cylinder; Open field test,anxiety; gut microbiome; motor recovery; probiotics; rat; spinal cord injury,688,Canadian Institutes of Health Research; Craig H. Neilsen Foundation,"To test whether a probiotic treatment immediately after a unilateral incomplete cervical spinal cord injury in female rats prevents gut dysbiosis, promotes motor recovery and dampens the related anxiety like behavior as we have previously reported for fecal matter transplants.",post
688,http://doi.org/10.34945/F5CP4D,Probiotic treatment in female Lewis rats following unilateral incomplete cervical (C5) contusion injury: Microbiome report,Animal,2023,02/11/2023,Karim Fouad,Fouad,28,Rat,Lewis,Female,Charles River Canada,12 weeks,0-3 months,NA,210-220 g,Contusion,Unilateral (right side),Impactor,Infinite Horizons impactor,125,NA,NA,NA,Cervical,C5,Drug/agent,Probiotic cocktail,NA,NA,anxiety; gut microbiome; motor recovery; probiotics; rat; spinal cord injury,687,Canadian Institutes of Health Research; Craig H. Neilsen Foundation,To investigate the effects of a commercially available probiotic on recovery in a rat model of cervical SCI.,post
980,http://doi.org/10.34945/F50C71,Effect of transcranial electrical stimulation (TES) on the First Flexion Angle and Abductor Hallucis H-reflex in a person with T4-motor-complete spinal cord injury,Clinical,2023,22/11/2023,Gorassini,Gorassini,1,Human (deidentified),NA,Male,NA,27 years,NA,Adult,NA,NA,NA,NA,NA,NA,NA,Non-traumatic,B,Thoracic,T4,Neuromodulation,Transcutaneous electrical stimulator,NA,NA,cutaneoumuscular reflex; hypertonus; H-reflex; pendulum test; spinal cord injury; transcutaneous electrical stimulation,NA,Canadian Institutes of Health Research; Craig H. Neilsen Foundation,A case study to examine the reduction in hypertonus in a person with T4-motor-complete-SCI using a commercial transcutaneous electrical stimulator (TES) at 150-Hz applied to the lower back and the possible mechanisms producing this reduction in leg tone.,post
955,http://doi.org/10.34945/F57W2G,Impact of Anti-Inflammatory Medication on Task-Specific Training Efficacy and Functional Recovery After Unilateral Dorsal Quadrant C4 Cervical Spinal Cord Injury in Female Lewis Rats,Animal,2023,29/11/2023,Karim Fouad,Jaison Cucarian,53,Rat,Lewis,Female,Charles River Canada,2 months,0-3 months,NA,180-220 g,DLQ,Unilateral (ipsilateral to preferred paw),Blade/wire,Custom blade,NA,NA,NA,NA,Cervical,C4,Drug/agent,Diphenhydramine; Methylprednisolone,Ladder walking,SPRGR; von Frey; Light-dark box; Elevated plus maze; Open field test; IBB,antihistamines; corticosteroids; dorsolateral quadrant transection; inflammation; neuroplasticity; recovery; rehabilitative training; single pellet reaching task; skilled motor task; spinal cord injury; task-specific training,NA,Canadian Institutes of Health Research; Craig H. Neilsen Foundation,To test whether common anti-inflammatory medications that could be given for any reason in later stages of a spinal lesion affect the efficacy of rehabilitative training in rats with unilateral incomplete cervical spinal cord injuries.,post
930,http://doi.org/10.34945/F5JC70,"PI3K inhibition in foamy macrophages after T8 spinal cord contusion in female mice, and in cultured macrophages treated with spinal cord homogenate",Animal; In vitro,2023,01/12/2023,Jae Lee Lab,Christine Ryan,37,Mouse,C57BL/B6,Female; Male,Jackson Labs,8-10 weeks,0-3 months,NA,17-23 g,Contusion,Not reported,Impactor,Infinite Horizons impactor,65,Force; Displacement,NA,NA,Thoracic,T8,NA,NA,NA,NA,autophagy; foam cells in CNS; foamy macrophage; inflammation; lipid droplet accumulation; lipid metabolism; mitochondrial uncoupling; oxidative stress; phagocytosis; PI3K signal transduction; spinal cord injury; Torin-2,NA,National Institutes of Health; National Institute of Neurological Disorders and Stroke,To investigate the cellular and molecular mechanisms by which foamy macrophages may drive the cellular pathology after subacute SCI (7 days post injury).,post
786,http://doi.org/10.34945/F5M599,Effects of IB4+ nociceptor ablation on motor and pain-like behaviors in a female Sprague Dawley rat model with a unilateral C5 contusion injury,Animal,2024,27/01/2024,Detloff Lab-Drexel University Collect of Medicine,John Walker,69,Rat,Sprague-Dawley,Female,Charles River,10 weeks,0-3 months,NA,237-329 g,Contusion,Unilateral,Impactor,Infinite Horizons impactor,200,Force; Displacement; Velocity,NA,NA,Cervical,C5,Drug/agent,IB4 conjugated Saporin,NA,Vulintus isometric pull task; SPRGR; Montoya staircase; IBB cereal manipulation; Cylinder; von Frey; Hargreaves,contusion; dorsal root ganglia; nociceptor; plasticity; sensorimotor; spinal cord injury,NA,National Institute of Neurological Disorders and Stroke; National Institute on Drug Abuse,To investigate whether maladaptive nociceptor plasticity is causal to the stereotypical motor deficits seen in reaching and grasping.,post
939,http://doi.org/10.34945/F51C7B,Example AMPA Receptor and Housekeeping Protein Expression Data from Male Long-Evans Rats for the Purpose of Demonstrating the blotRig Western Blot Tool,Animal,2024,22/02/2024,Ferguson Lab,Huie,29,Rat,Long Evans,Male,Simonsen Labs,3 weeks,0-3 months,NA,188-385 g,Transection; Transection + SNI,Not reported,Blade/wire,Microscissors,NA,NA,NA,NA,Thoracic,T9,NA,NA,NA,NA,reproducible Western blot; Western blot,NA,Craig H. Neilsen Foundation; Department of Veterans Affairs (USA); National Institutes of Health; Wings for Life,To demonstrate best practices in analyzing western blot data.,post
940,http://doi.org/10.34945/F5GC7C,"Neuropathic Pain, Depressive-like Behaviors and Myeloid Cell Polarization in LysM-eGFP Mice of Both Sexes Following a Moderate Unilateral Cervical SCI",Animal,2024,14/03/2024,Detloff Lab-Drexel University Collect of Medicine,Jonathan Richards,133,Mouse,LysM-eGFP,Female; Male,Mutant Mouse Research Resource Center,> 6 weeks,0-3 months,NA,20-25 g,Contusion,Unilateral,Impactor,Infinite Horizons impactor,40,Force; Displacement; Dwell time; Velocity,NA,NA,Cervical,C5,NA,NA,NA,von Frey; Hargreaves; Sucrose preference; Mechanical conflict avoidance paradigm; Forced swim test,depression; macrophage; neuroinflammation; pain; spinal cord injury,NA,National Institutes of Health; National Institute of Neurological Disorders and Stroke,To characterize development of pain- and mood-related behaviors and correlate them with the innate immune response post-SCI.,post
1090,http://doi.org/10.34945/F5160Z,Microglia promote maladaptive plasticity within the spinal autonomic circuitry after T3 spinal cord injury in female mice,Animal,2024,13/05/2024,Phillip Popovich,F. Brennan,325,Mouse,C57BL/6J; C57BL/6J; stock no. 000664; Slc17a6tm2(cre)Lowl/J; stock no. 016963; C57BL/6J; Cx3cr1creER; stock no. 020940; C57BL/6J; ; Cx3cr1creER x Rosa26iDTR; stock 020940 x 007900; B6.Cg-Tg(Csf1r-EGFP)1Hume/J; stock no. 018549,Female; Male,Jackson Labs,10-12 weeks,0-3 months,NA,Not reported,Transection; Crush,Not reported,Blade/wire; Forceps,Microscissors; Forceps,NA,NA,NA,NA,Thoracic,T3,Drug/agent,PLX5622,NA,NA,astrocyte; autonomic dysreflexia; axon sprouting; dysautonomia; immune suppression; microglia; spinal cord injury; synaptic plasticity,NA,Craig H. Neilsen Foundation; National Institutes of Health; Centre for Neuroanatomy with Neurotropic Viruses;  Ray W. Poppleton Endowment; Wings for Life,To explore the role of microglia in maladaptive structural and functional plasticity after high-level SCI.,post
888,http://doi.org/10.34945/F5SP44,Ultrasound-based anatomical measurements following a unilateral C5 contusion injury in female Long Evans rats,Animal,2024,16/05/2024,Khaing Lab,Khaing,25,Rat,Long Evans,Female,Envigo,8 weeks,0-3 months,NA,230-314 g,Contusion,Unilateral (right side),Impactor,Infinite Horizons impactor,150,Force,NA,NA,Cervical,C5,NA,NA,NA,NA,cervical spinal cord; contrast enhanced ultrasound imaging; injury expansion; secondary damage; spinal cord injury; ultrasound imaging,889; 894,National Institutes of Health; National Institute of Child Health and Human Development; National Institute of Neurological Disorders and Stroke,To use intravital contrast-enhanced ultrasound imaging to examine the evaluation of the unilateral cervical SCI using longitudinal imaging to quantify anatomical and hemodynamic changes in vivo through the entire spinal parenchyma.,post
890,http://doi.org/10.34945/F5XG62,Histological evaluation of tissue hypoxia following an unilateral C5 contusion injury in female Long Evans rats,Animal,2024,16/05/2024,Khaing Lab,Khaing,16,Rat,Long Evans,Female,Envigo,8 weeks,0-3 months,NA,200-300 g,Contusion,Unilateral,Impactor,Infinite Horizons impactor,Not reported,Not reported,NA,NA,Cervical,C5,NA,NA,NA,NA,,NA,National Institutes of Health; National Institute of Child Health and Human Development; National Institute of Neurological Disorders and Stroke,To use intravital contrast-enhanced ultrasound imaging to examine the evaluation of the unilateral cervical SCI using longitudinal imaging to quantify anatomical and hemodynamic changes in vivo through the entire spinal parenchyma.,post
889,http://doi.org/10.34945/F5259B,Ultrasound-based hemodynamic measurements (bolus kinetics) following a unilateral C5 contusion injury in female Long Evans rats,Animal,2024,16/05/2024,Khaing Lab,Khaing,25,Rat,Long Evans,Female,Envigo,8 weeks,0-3 months,NA,230-314 g,Contusion,Unilateral,Impactor,Infinite Horizons impactor,Not reported,Not reported,NA,NA,Cervical,C5,NA,NA,NA,NA,,888; 894,National Institutes of Health; National Institute of Child Health and Human Development; National Institute of Neurological Disorders and Stroke,To use intravital contrast-enhanced ultrasound imaging to examine the evaluation of the unilateral cervical SCI using longitudinal imaging to quantify anatomical and hemodynamic changes in vivo through the entire spinal parenchyma.,post
894,http://doi.org/10.34945/F5P015,"Histological evaluation of vascular coverage, apoptosis and tissue sparing following an unilateral C5 contusion injury in female Long Evans rats",Animal,2024,16/05/2024,Khaing Lab,Khaing,24,Rat,Long Evans,Female,Envigo,8 weeks,0-3 months,NA,232-298 g,Contusion,Unilateral,Impactor,Infinite Horizons impactor,Not reported,Not reported,NA,NA,Cervical,C5,NA,NA,NA,NA,,888; 889,National Institutes of Health; National Institute of Child Health and Human Development; National Institute of Neurological Disorders and Stroke,"To use intravital contrast-enhanced ultrasound imaging to examine the evaluation of the unilateral cervical SCI using longitudinal imaging to quantify anatomical and hemodynamic changes in vivo through the entire spinal parenchyma. In order to histologically characterize the injury, we performed stainings to assess Vascular coverage, apoptosis, and tissue sparing.",post
1059,http://doi.org/10.34945/F59P4S,"Investigating the temporal effects of spinal cord injury on cardiac function and structure in male rats with T3 complete transection and determining the primary cause of cardiac decline following spinal cord injury using male rats with T3 or L2 complete transection, or T2 severe contusion",Animal,2024,04/06/2024,West Lab,Mary P.M. Fossey,112,Rat,Wistar; Sprague-Dawley,Male,Envigo; Charles River Canada,10-12 weeks; 23 weeks,0-3 months; 4-6 months,NA,266-528 g,Contusion; Transection,Midline (contusion); Complete (transection),Blade/wire; Impactor,Infinite Horizons impactor; Microscissors and suction,400,Force,NA,NA,Thoracic; Lumbar,T3; L2,Drug/agent,Hexamethonium bromide; Minocycline,NA,NA,cardiac function; cardiac volumes; cardiomyocyte; cardiovascular system; echocardiography; hexamethonium bromide; histology; left-ventricular catheterization; minocycline; qPCR; spinal cord injury; sympathetic nervous system,NA,BC Knowledge Development Fund; Canada Foundation for Innovation; Heart and Stroke Foundation of Canada; ICORD/Praxis Spinal Cord Institute; Michael Smith Foundation for Health Research,The first study (manuscript Part I) investigated the temporal changes in the heart on the acute-to-chronic continuum post-SCI; the remaining studies (manuscript Part II) investigated whether the primary cause of altered cardiac function post-SCI was the loss of sympathetic control to the heart.,post
1096,http://doi.org/10.34945/F5RP56,International Standards for Neurological Classification of Spinal Cord Injury (ISNCSCI): A workbook with important classification cases,Other,2024,06/06/2024,International Standards Committee of the American Spinal Injury Association,Brittany Snider,26,Human (deidentified),NA,NA,NA,NA,NA,NA,NA,NA,NA,NA,NA,NA,NA,NA,NA,Cervical; Thoracic; Lumbar,C1-L4,NA,NA,NA,NA,human spinal cord injury; International Standards for Neurological Classificaiton of Spinal Cord Injury; ISNCSCI; reference cases; workbook,NA,Not reported,A comprehensive dataset of representative ISNCSCI cases with annotated classifications is not yet available within the field; the purpose of this dataset is to provide such a workbook to illustrate important classification rules definitions and nuances for a wide range of spinal cord injuries.,post
1082,http://doi.org/10.34945/F5DG6D,"Part I: A CLIMBER Meta-analysis, recovery time measured by behavioral outcome tests after contusive injuries on various spinal levels segments in rats and mice of both sexes from Literature-Extracted Data (LED)",Other,2024,12/07/2024,Ferguson Lab,Lindsey; Scheff; Gensel; Almad; Patel; Ferguson; Pukos,21,Rat; Mouse,Long Evans; Sprague-Dawley; C57BL/6J,Female; Male,Simonsen Labs; Jackson Labs; Harlan Labs; Not reported,75-83 days; adult; 77-87 days; 84 days; Not reported,0-3 months,NA,17-23 g; 200-355 g; Not reported,Contusion,Not reported,Impactor,NYU impactor; Infinite Horizons impactor,75; 100; 150; 200; 250; 6.25 mm; 12.5 mm; 25 mm,Weight drop height,NA,NA,Cervical; Thoracic; Lumbar,C5; T9; T9-T10; T10; L1-L2,NA,NA,BBB; BMS,Grooming,analytics; animal studies; data-science; individual participant data (IPD); meta-analysis; meta-science; spinal cord injury; systematic review,1081,"Canadian Institutes of Health Research; Craig H. Neilsen Foundation; Department of Veterans Affairs (USA); Ministeriums für Wissenschaft, Forschung und Kunst; National Institutes of Health; National Institute of Neurological Disorders and Stroke; Wings for Life",To analyze recovery after spinal cord injury through various different behavioral outcome tests; the study compared effect sizes from literature sourced (literature-extracted data (LED)) to the literatures‚ and corresponding publicly available raw data (individual animal data (IAD)).,post
1081,http://doi.org/10.34945/F5J59P,"Part II: A CLIMBER Meta-analysis, recovery time measured by behavioral outcome tests after contusive injuries on various spinal levels in rats and mice of both sexes from 7 public datasets (Individual Animal Data (IAD)) corresponding to Part 1 Literature-Extracted Data",Other,2024,12/07/2024,Ferguson Lab,Lindsey; Scheff; Gensel; Almad; Patel; Ferguson; Pukos,292,Rat; Mouse,Long Evans; Sprague-Dawley; C57BL/6J,Female; Male,Simonsen Labs; Jackson Labs; Harlan Labs; Not reported,75-83 days; adult; 77-87 days; 84 days; Not reported,0-3 months,NA,17-23 g; 200-355 g; Not reported,Contusion,Not reported,Impactor,NYU impactor; Infinite Horizons impactor,75; 100; 150; 200; 250; 6.25 mm; 12.5 mm; 25 mm,Weight drop height,NA,NA,Cervical; Thoracic; Lumbar,C5; T9; T9-T10; T10; L1-L2,NA,NA,BBB; BMS,Grooming,individual subject data (IPD); literature-extracted data; meta-analysis; meta-science; spinal cord injury; systematic review,1082,"Canadian Institutes of Health Research; Craig H. Neilsen Foundation; Department of Veterans Affairs (USA); Ministeriums für Wissenschaft, Forschung und Kunst; National Institutes of Health; National Institute of Neurological Disorders and Stroke; Wings for Life",To analyze recovery after spinal cord injury through various different behavioral outcome tests; the study compared effect sizes from literature sourced (literature-extracted data (LED)) to the literatures‚ and corresponding publicly available raw data (individual animal data (IAD)).,post
1121,http://doi.org/10.34945/F54016,Histological measurement of interstitial fluid flow and relationship to lesion volume after C4 hemicontusion in male and female rats,Animal,2024,04/09/2024,Cornelison Group,Kwon,38,Rat,Sprague-Dawley,Female; Male,Charles River,8-12 weeks,0-3 months,NA,196-606 g,Contusion,Unilateral,Impactor,Infinite Horizons impactor,150,NA,NA,NA,Cervical,C4,NA,NA,NA,NA,cavity; fluid transport; histological dye; interstitial fluid,NA,University of Massachusetts Amherst,To measure the effects of spinal cord injury on interstitial pressure and fluid flow and examine the potential role of interstitial fluid flow on lesion volume enlargement.,post
1120,http://doi.org/10.34945/F57S3T,Functional Forelimb Recovery and Corticospinal Tract Changes after Chondroitinase Treatment in Male Primates after Cervical C7 Spinal Hemisection,Animal,2024,14/10/2024,Ferguson Lab,Tuszynski,12,Monkey,Macaca mulatta,Male,Not reported,6-10 years,5-10 years,NA,10-14 kg,Hemisection,Not reported,Blade/wire,Scalpel,NA,NA,NA,NA,Cervical,C7,Drug/agent,Chondroitinase (Chase),NA,General locomotion; Climbing; Object manipulation; Brinkman Board,,NA,Bernard and Anne Spitzer Charitable Trust; Craig H. Neilsen Foundation; Dr. Miriam and Sheldon G. Adelson Medical Research Foundation; Department of Veterans Affairs (USA); National Institutes of Health,"To evaluate the behavioral and neurobiological effects of intraparenchymal treatment with the enzyme chondroitinase (Chase) in rhesus monkeys that had undergone cervical (C7) spinal cord hemisection, targeting spinal cord circuits that control hand function.",post
1195,http://doi.org/10.34945/F5M01J,Treating a C5 contusion injury in female rats with sigmoid protein and 4-methylumbelliferone in combination with single pellet grasping training,Animal,2024,15/10/2024,Karim Fouad,Ed Armstrong,30,Rat,Lewis,Female,Charles River Canada,2 months,0-3 months,NA,170-300 g,Contusion,Unilateral (ipsilateral to preferred paw),Impactor,Infinite Horizons impactor,125,Dwell time,NA,NA,Cervical,C5-C6,Drug/agent; Rehabilitative training,"4-methylumbelliferone (4-MU), an inhibitor for hyaluronan (HA) synthesis and Intracellular Sigmoid Protein, a PTP sigma antagonist, in combination with single pellet grasping (SPG) training",Ladder walking,SPRGR; Cylinder; Elevated plus maze; IBB; Forelimb locomotor scale,behaviour; intracellular sigmoid protein; perineuronal net; spinal cord injury; 4-methylumbelliferone,NA,New Frontiers in Research Fund,"To evaluate the behavioral and neurobiological effects of intraparenchymal treatment with the enzyme chondroitinase (Chase) in rhesus monkeys that had undergone cervical (C7) spinal cord hemisection, targeting spinal cord circuits that control hand function.",post
1204,http://doi.org/10.34945/F5BG6S,Motor cortex neuromodulation activates molecular signaling necessary for corticospinal axon growth and muscle response plasticity in intact rats and in rats with bilateral cervical spinal cord injury,Animal,2024,04/11/2024,Martin Laboratory,Neela Zareen,125,Rat,Sprague-Dawley,Female,Charles River,2-3 months,0-3 months,NA,275-300 g,Contusion,Bilateral,Impactor,Infinite Horizons impactor,200,Dwell time,NA,NA,Cervical,C4,Neuromodulation,Repetitive multi-pulse stimulation (rMPS),NA,NA,axon sprouting; Jak/Stat; motor cortex; mTOR; PTEN; spinal cord injury,NA,Craig H. Neilsen Foundation; New York State SCI Board; National Institutes of Health,"To determine the effects of short-term and long-term repetitive multi-pulse stimulation (rMPS) and intermittent theta burst stimulation (iTBS) neuromodulation applied to motor cortex, on corticospinal tract (CST) axon structural remodeling, physiological connectivity (motor evoked potential, MEP) and activation of axon growth-promoting molecular signaling (mTOR, PTEN and Jak/Stat) in rats without injury and after moderate, bilateral cervical spinal cord contusion injury.",post
1237,http://doi.org/10.34945/F52307,Cytosolic Phospholipase A2 in Infiltrating Monocyte-Derived Macrophages Does Not Impair Recovery After Thoracic Contusion Spinal Cord Injury in Female Mice,Animal; In vitro,2024,10/12/2024,Gensel Lab (Nero),Ethan Glasser,62,Mouse,C57BL/6,Female,Jackson Labs,3 months,0-3 months,NA,22-35 g,Contusion,Midline,impactor,Infinite Horizons impactor,65,Force; Displacement; Dwell time,NA,NA,Thoracic,T9,Genetic,Generated cPLA2 KO chimeras,BMS; Ladder walking,Catwalk,inflammation; macrophage; myelin; spinal cord injury,NA,Craig H. Neilsen Foundation; National Institutes of Health; National Institute of Neurological Disorders and Stroke,To determine the role of macrophage cPLA2 expression on spinal cord injury (SCI) pathology and recovery.,post
1235,http://doi.org/10.34945/F55S36,Pleiotrophin Efficacy in vitro and Dose-Response Experiments in vivo Following an Incomplete Cervical Dorsolateral Quadrant Spinal Cord Injury in Adult Male and Female Lewis Rats,Animal; In vitro,2025,06/01/2025,Keith K Fenrich,Carmen Ng,50,Rat,Sprague-Dawley; Lewis,Female; Male,Charles River Canada; Not reported,9 weeks,0-3 months,NA,200-350 g,DLQ,Unilateral (right side),Blade/wire,Blade,NA,NA,NA,NA,Cervical,C4,Drug/agent,Pleiotrophin (PTN),Ladder walking,Cylinder; von Frey,dorsolateral quadrant (DLQ); in vitro; in vivo; lesion; pleiotrophin; rat; spinal cord injury,1234; 1228,Wings for Life,"To generate a dose-response curve for pleiotrophin (PTN) treatment in adult rat spinal cord injury (SCI) models and to further understand the capabilities of PTN in promoting neurite outgrowth in vitro and in vivo, compared to chondroitinase ABC (ChABC) therapy.",post
1234,http://doi.org/10.34945/F59K54,Pleiotrophin and Rehabilitative Training Following an Incomplete Cervical Dorsolateral Quadrant Spinal Cord Injury in Adult Female Lewis Rats,Animal,2025,06/01/2025,Keith K Fenrich,Carmen Ng,24,Rat,Lewis,Female,Charles River Canada,13 weeks,0-3 months,NA,200-350 g,DLQ,Unilateral (ipsilateral to preferred paw),Blade/wire,Blade,NA,NA,NA,NA,Cervical,C4,Drug/agent,Pleiotrophin (PTN),Ladder walking,SPRGR; von Frey,dorsolateral quadrant (DLQ); lesion; pleiotrophin; rat; rehabilitative training; single pellet reaching grasping retrieval (SPRGR); spinal cord injury,1235; 1228,Wings for Life,To test the capabilities of pleiotrophin (PTN) to promote forelimb motor recovery after a cervical dorsal lateral quadrant (DLQ) partial transection spinal cord injury (SCI) in adult rats and to evaluate PTN as a potential treatment in the clinic.,post
1228,http://doi.org/10.34945/F5F88D,Pleiotrophin and Rehabilitative Training Following Cervical Contusion Spinal Cord Injury in Adult Female Lewis Rats,Animal,2025,06/01/2025,Keith K Fenrich,Carmen Ng,24,Rat,Lewis,Female,Charles River Canada,12 weeks,0-3 months,NA,200-350 g,Contusion,Unilateral (side of preferred paw),Impactor,Infinite Horizons impactor,125,NA,NA,NA,Cervical,C5,Drug/agent,Pleiotrophin (PTN),Ladder walking,SPRGR; von Frey,contusion; pleiotrophin; rat; rehabilitative training; single pellet reaching grasping retrieval (SPRGR); spinal cord injury,1234; 1235,Wings for Life,To test the capabilities of pleiotrophin (PTN) to promote forelimb motor recovery after a cervical contusion spinal cord injury (SCI) in adult rats and to evaluate PTN as a potential treatment in the clinic.,post
1276,http://doi.org/10.34945/F5H308,An optogenetic model of hindlimb spasticity after complete T9-T10 spinal cord transection in male and female C57bl/6 mice,Animal,2025,11/02/2025,Tuan Bui Laboratory,Alex Laliberte and Tuan Bui,22,Mouse,C57BL/6,Female,Tri-hybrid generated from Jackson labs lines,86-202 days,0-3 months; 4-6 months; 7-12 months,NA,17-26 g,Transection,Complete (transection),Blade/wire,Sharps,NA,NA,NA,NA,Thoracic,T9-T10,Neuromodulation,Optogenetic stimulation of VGLUT2+ sensory afferents,NA,NA,optogenetics; spasticity; spinal cord injury,NA,"Canadian Institutes of Health Research; Craig H. Neilsen Foundation; Ontario Ministry of Research, Innovation, and Science",To test the efficacy of optogenetic stimulation of cutaneous VGLUT2+ sensory afferents in eliciting spasticity-associated behaviours after spinal cord injury.,post
612,http://doi.org/10.34945/F52P4M,"Dataset for Limb disuse, synaptic maladaptation, and recovery impairments in female rats with T9 contusion SCI",Animal,2025,13/02/2025,Ferguson Lab,Not reported,156,Rat,Sprague-Dawley,Female,Not reported,Not reported,Not reported,NA,195-300 g,Contusion,Not reported,Impactor,Infinite Horizons impactor,50,Force; Displacement; Velocity,NA,NA,Thoracic,T9,NA,NA,BBB,Gait; Swim test,afferent input; AMPA receptor; hindlimb unloadingl hyper-reflexia; limb disuse; limb unloading; motor neuron; neuroplasticity;  rehabilitation; spasticity; spinal cord injury,NA,Craig H. Neilsen Foundation; Japan Society for the Promotion of Science; Mitsui Sumitomo Insurance Welfare Foundation; National Aeronautics and Space Administration: Human Research Program; National Institutes of Health; Wings for Life,"To test the impact of inactivity, we developed a rodent model of acute phase hindlimb-unloading in contusive thoracic spinal cord injury.",post
1253,http://doi.org/10.34945/F5MS4M,PLX5622 Efficacy on Microglia Depletion and Its Impact on Functional Recovery Following Unilateral Dorsal Quadrant C4 Cervical Spinal Cord Injury in Female Lewis Rats,Animal,2025,18/02/2025,Karim Fouad,Jaison Cucarian,14,Rat,Lewis,Female,Charles River Canada,2 months,0-3 months,NA,180-215 g,DLQ,Unilateral,Blade/wire,Custom blade,NA,NA,NA,NA,Cervical,C4-C5,Drug/agent,PLX5622,NA,Open field; Light-dark box; Elevated plus maze,colony-stimulating factor-1; functional recovery; inflammation; microglia depletion; PLX5622; spinal cord injury,NA,Canadian Institutes of Health Research,To evaluate the impact of depleting microglia following SCI in rats with unilateral incomplete cervical SCI using PLX5622.,post
1279,http://doi.org/10.34945/F57K5H,"Data for weight, bowel outcomes, bowel histology, and food intake in female mice after T3 complete transection injury",Animal,2025,20/02/2025,Gensel Lab (Nero),Olivia Wireman,61,Mouse,C57BL/6J,Female,Jackson Labs,3-4 months,0-3 months; 4-6 months,NA,16-30 g,Transection,Complete (transection),Blade/wire,Scalpel,NA,NA,NA,NA,Thoracic,T3,NA,NA,NA,Bowel output,bowel; constipation; dysfunction; spinal cord injury; transection,NA,National Institute of General Medical Science; National Institute of Neurological Disorders and Stroke; University of Kentucky Spinal Cord and Brain Injury Research Center Endowed Chair #5,To evaluate bowel outcomes in young (4-6 months old) female C57/BL/6J mice after complete T3 transection spinal cord injury.,post
1278,http://doi.org/10.34945/F5CC8T,Assessment of Spinal DNA Damage Following L1 Contusion Spinal Cord Injury in Female C57Bl/6 Mice,Animal,2025,12/03/2025,GRAND (Wilson),Scheijen,110,Mouse,C57BL/6,Female,Janvier Labs,12 weeks,0-3 months,NA,17-23 g,Contusion,Not reported,Impactor,Infinite Horizons impactor,75,Force; Displacement,NA,NA,Lumbar,L1,NA,NA,BMS,NA,DNA damage foci; DNA damage response; DNA repair; gamma-H2AX; neuronal death; spinal cord injury; 53BPI,NA,Special Research Fund; Hasselt University,"To assess the presence, timing, and spinal location of DNA damage following spinal cord injury.",post
1285,http://doi.org/10.34945/F5QK5V,Acute intralesional injection of extracellular vesicles secreted by human umbilical cord mesenchymal stromal cells improves BBB score following thoracic contusion in female Fischer rats,Animal,2025,25/03/2025,Couillard-Despres Lab,Lara Bieler,40,Rat,Fischer-344,Female,Charles River Germany,12 weeks,0-3 months,NA,140-190 g,Contusion,Not reported,Impactor,Infinite Horizons impactor,200,Displacement,NA,NA,Thoracic,T8,Graft/cellular,Extracellular vesicles (EVs) secreted by human umbilical cord mesenchymal stromal cells (huUC-MSCs),BBB,NA,extracellular vesicles; human umbilical cord-derived mesenchymal stromal cells; locomotion; motor function; neuroregeneration; spinal cord injury,NA,"Austrian Agency for International Cooperation in Education and Research; Land Salzburg; Paracelsus Medical University Research Support Fund; State of Salzburg, Austria",To compare the long-term functional outcomes obtained following acute intralesional or intravenous application of extracellular vesicles (EVs) secreted by human umbilical cord mesenchymal stromal cells (huUC-MSCs) in a rat spinal cord contusion model.,post
1313,http://doi.org/10.34945/F5BC8H,Longitudinal Analysis of Locomotor Recovery After Moderate Thoracic Contusive Spinal Cord Injury in C57BL/6 Female Mice Treated with Bumetanide or CLP-290,Animal,2025,07/04/2025,Stirling Lab,Dereje Desta,64,Mouse,C57BL/6,Female,Jackson Labs,8-10 weeks,0-3 months,NA,16-23 g,Contusion,Not reported,Impactor,Infinite Horizons impactor,50,Force; Displacement,NA,NA,Thoracic,T9-T10,Drug/agent,Bumetanide; CLP-290,BMS; Ladder walking,NA,Basso Mouse Scale; bumetanide; cation-chloride cotransporters; CLP-290; spinal cord injury,NA,Wings for Life,To assess whether modulation of cation-chloride cotransporters would increase white matter sparing and improve neurological recovery following a moderate contusive SCI.,post
883,http://doi.org/10.34945/F52C7N,"Metabolic impairment and steatohepatitis develops after T8 contusion spinal cord injury (SCI) in non-obese male rats measured by increased insulin resistance, hyperlipidemia, endotoxemia, lipid deposition and liver inflammation, and is exacerbated by pre-morbid obesity",Animal,2025,08/04/2025,Dana McTigue,MTGoodus,36,Rat,Sprague-Dawley,Male,Envigo,3 months,0-3 months,NA,250 g,Contusion,Midline,Impactor,Infinite Horizons impactor,200,Force; Displacement; Area under force curve,NA,NA,Thoracic,T8,Other,High fat diet leading to diet induced obesity (DIO),BBB,NA,alanine transferase; cytokines; diet-induced obesity; insulin resistance; Kupffer cells; locomotor recovery; metabolic syndrome; non-alcoholic fatty liver disease; non-alcoholic steatohepatitis (NASH); spinal cord injury,NA,Not reported,To compare a diet-induced obesity (DIO) model of NASH to SCI-induced non-alcoholic steatohepatitis (NASH) and determine if DIO at the time of SCI exacerbated NASH and metabolic syndrome (MetS).,post
1315,http://doi.org/10.34945/F5G30Z,Closed-loop Vagus Nerve Stimulation Aids Recovery of Hand Function after Cervical Spinal Cord Injury in Humans,Clinical,2025,17/04/2025,txbdc,Not reported,19,Human (deidentified),NA,Female; Male,NA,22-65 years,NA,Adult,NA,NA,NA,NA,NA,NA,NA,Traumatic,A; B; C; D,Cervical,C1-C8,Neuromodulation; rehabilitative training,Vagus nerve stimulation pair with task focused training,NA,NA,chronic cervical spinal cord injury; human; neurorehabilitation; vagus nerve stimulation,NA,Defense Advanced Research Projects Agency; Biological Technologies Office; Naval Information Warfare Center Pacific; Wings for Life,To explore whether combining intensive progressive task-focused training with real-time closed-loop vagus nerve stimulation (CLV) to enhance synaptic plasticity could increase strength expand range of motion and improve hand function in people with chronic incomplete cervical spinal cord injury.,post
1413,http://doi.org/10.34945/F5X601,Assessing the Effect of Exercise on the Expression of Genes Associated with Macrophage Activation State and Cytokines in the Dorsal Root Ganglia after C5 Unilateral Contusion in Female Sprague Dawley Rats,Animal,2025,11/07/2025,Detloff Lab-Drexel University Collect of Medicine,Jason Wheeler,85,Rat,Sprague-Dawley,Female,Charles River,>6 weeks,0-3 months,NA,190-305 g,Contusion,Unilateral,Impactor,Infinite Horizons impactor,200,Force; Displacement; Velocity,NA,NA,Cervical,C5,Rehabilitative training,Aerobic training (forced wheel running); Strength training (isometric pull task),NA,NA,cytokine; exercise; inflammation; macrophage; rat; rehabilitation,NA,Craig H. Neilsen Foundation; National Institutes of Health; National Institute of Neurological Disorders and Stroke,To further investigate how macrophage activity evolves over time after SCI and how this activity is modulated by short bouts of aerobic or strength training initiated at acute subacute or chronic stages of spinal cord injury.,post
1345,http://doi.org/10.34945/F5PK6X,Blood laboratory values from 137 de-identified TRACK-SCI participants from routine collected real-world data,Clinical,2025,22/07/2025,TRACK-SCI De-ID Lab,Not reported,137,Human (deidentified),NA,Female; Male,NA,18-90 years,NA,Adult,NA,NA,NA,NA,NA,NA,NA,Traumatic,A; B; C; D; E,NA,Not reported,NA,NA,NA,NA,laboratory values; real-world data; routine collected markers,NA,Department of Defense (USA); Wings for Life,This dataset was used for validating the modeling of blood trajectory markers over the first 21 days during acute hospitalization after injury and to develop machine learning clinical prediction models.,post
1408,http://doi.org/10.34945/F55P5X,"Safety, feasibility, and cumulative effects of activity-based locomotor training combined with spinal cord stimulation on trunk control in children with SCI",Clinical,2025,29/07/2025,Andrea Behrman,Behrman,3,Human (deidentified),NA,Male,NA,Jun-14,NA,Pediatric,NA,NA,MA,NA,NA,NA,NA,Not reported,Not reported,Cervical; Lumbar,Not reported,Neuromodulation,Spinal cord transcutaneous stimulation (scTS); Activity-based locomotor training (AB-LT) ,NA,NA,activity-based locomotor training; pediatrics; spinal cord injury; spinal cord transcutaneous stimulation; trunk control,NA,National Institutes of Health; National Center of Neuromodulation for Rehabilitation,"To evaluate the safety, feasibility, and cumulative effects of AB-LT combined with scTS on trunk control in children with complete and incomplete SCI.",post
1389,http://doi.org/10.34945/F58C8W,Harnessing inflammation for spinal cord injury repair I: TLR2 agonist Pam3CSK4 dose response testing in naive female Lewis rats,Animal,2025,27/08/2025,Karim Fouad,Brooklynn Nelson,16,Rat,Lewis,Female,Charles River Canada,2 months,0-3 months,NA,180-220 g,NA,NA,NA,NA,NA,NA,NA,NA,NA,NA,Drug/agent,Pam3CSK4,NA,Open field; Sickness score,microglial cell activation; Pam3CSK4; TLR4 agonist,1387,Canadian Institutes of Health Research,"To determine what systemic dose of Pam3CSK4 would activate microglia in the spinal cord, and whether there was a dose-response relationship between 1) Pam3CSK4 dose and microglial activation and 2) Pam3CSK4 dose and the evolution of sickness behaviours.",post
1387,http://doi.org/10.34945/F54P47,Harnessing inflammation for spinal cord injury repair II: exploring the efficacy of TLR2 and TLR4 agonists on microglial activation after C4 unilateral dorsolateral quadrant spinal cord injury in female Lewis rats,Animal,2025,27/08/2025,Karim Fouad,Brooklynn Nelson,40,Rat,Lewis,Female,Charles River Canada,2 months,0-3 months,NA,180-220 g,DLQ,Unilateral (right side),Blade/wire,Microblade,NA,NA,NA,NA,Cervical,C4-C5,Drug/agent,Pam3CSK4; E6020,NA,Sickness score,microglial cell activation; Pam3CSK4; spinal cord injury; TLR2 agonist; TLR4 agonist,1389,Canadian Institutes of Health Research,To explore the efficacy of Pam3CSK4 (a synthetic TLR2 agonist) and E6020 (a synthetic TLR4 agonist) on microglial activation after C4-C5 cervical spinal cord injury.,post
1448,http://doi.org/10.34945/F5W59S,Diaphragm pacing elicits respiratory plasticity in awake rodents after C2 hemisection,Animal,2025,27/08/2025,Streeter Lab,Taylor Holmes,42,Rat,Sprague-Dawley,Female; Male,Envigo,12 weeks,0-3 months,NA,179-400 g,Hemisection,Unilateral (left side),Blade/wire,Microscalpel,NA,NA,NA,NA,Cervical,C2,Neuromodulation,Diaphragm EMG implant,NA,Breathing,cervical spinal cord injury; diaphragm; diaphragm pacing; phrenic afferents; respiratory plasticity,NA,National Institutes of Health; Foundation for Physical Therapy Research: Academy of Acute Care Physical Therapy,To investigate if diaphragm pacing (DP) induces ventilatory and diaphragm electromyography (EMG) plasticity in awake rodents following incomplete C2 hemi-section.,post
1404,http://doi.org/10.34945/F5MP4K,"Two-texture preference test for neuropathic pain after cervical 5/6, unilateral contusion injury in adult C57BL/6J mice",Animal,2025,02/10/2025,Angelo Lepore Lab,Dr David Jaffe,12,Mouse,C57BL/6J,Female; Male,Jackson Labs,35-41 weeks,7-12 months,NA,22-33 g,Contusion,Unilateral,Impactor,Infinite Horizons impactor,60,Dwell time; Tip size,NA,NA,Cervical,C5-C6,NA,NA,NA,von Frey; Two-texture preference test; Grimace score,behavioural assessmentl cervical spinal cord; contusion; neuropathic pain; spinal cord injury,NA,National Institute of Neurological Disorders and Stroke; Yant Family Spinal Cord Regeneration Fund,"To create a new behavioral test by modifying the open field test to incorporate a rough, potentially-noxious texture to half the chamber to identify whether differences can be observed in animals with neuropathic pain.",post
1458,http://doi.org/10.34945/F5H020,"Integrating sensitive motor tasks with histopathology detects sex differences in recovery after spinal cord injury (SCI): a study using male and female 12-week-old mice on a C57BL6/J background that received a T9 contusion SCI or T9 laminectomy (sham) surgery; outcome measures were open-field hindlimb BMS testing, activity box, advanced dynamic weight bearing, histopathology, and principal component analysis",Animal,2025,06/10/2025,Brennan Lab,Emily Swarts,39,Mouse,C57BL/6J,Female; Male,Jackson Labs,12 weeks,0-3 months,NA,,Contusion,Not reported,Impactor,Infinite Horizons impactor,70,Force; Displacement,NA,NA,Thoracic,T9,NA,NA,BMS,Activity box; Advanced dynamic weight bearing,NA,NA,Banting Foundation; Craig H. Neilsen Foundation; J.P. Bickell Foundation; Natural Sciences and Engineering Research Council of Canada; Queen's University; Wings for Life,To test whether two additional behavioral tasks - the infrared activity box and advanced dynamic weight bearing (ADWB) - identify any sex differences in motor recovery in male and female mice following a 70 kilodyne contusion SCI or sham (laminectomy) surgery.,post
1476,http://doi.org/10.34945/F53P4X,"Assessing the Effect of Macrophage Derived Small Extracellular Vesicles on Pain Behavior, Inflammation, and Nociceptive Afferent Sprouting after C5 Unilateral Contusion in Female Sprague Dawley Rats",Animal,2025,10/10/2025,Detloff Lab-Drexel University Collect of Medicine,Jason Wheeler,112,Rat,Sprague-Dawley,Female,Charles River,>6 weeks,0-3 months,NA,>225 g,Contusion,Unilateral,Impactor,Infinite Horizons impactor,200,Force; Displacement; Velocity,NA,NA,Cervical,C5,Drug/agent,Small extracellular vesicles (sEVs),NA,von Frey; Hargreaves's; Mechanical Conflict Avoidance Paradigm,dorsal root ganglia; nociceptor; plasticity; small extracellular vesicles,NA,Drexel University College of Medicine; National Institutes of Health; National Institute of Neurological Disorders and Stroke; Pennsylvania Department of Health Commonwealth Universal Research Enhancement,"To investigate whether these sEVs are therapeutically viable in treatment of SCI-induced neuropathic pain, as well as the biological mechanisms by which this analgesia is produced.",post
1485,http://doi.org/10.34945/F5V59G,Functional Forelimb Recovery and Histological Outcomes following Stem Cell Graft after C7 Hemisection or C6 Hemicontusion in Male Macaca Mulatta Primates,Animal,2025,24/10/2025,Tuszynski Lab,Tuszynski,19,Monkey,Macaca mulatta,Male,Not reported,5-9 years,5-10 years,NA,9-14 kg,Contusion; Hemisection,Not reported,Blade/wire; Other,Scalpel; BOSE,Not  reported,Not reported,NA,NA,Cervical,C6; C7,Graft/cellular,Human embryonic stem cell-derived spinal cord neural stem cells,NA,Brinkman Board,primate; spinal cord injury; stem cell,NA,Bernard and Anne Spitzer Charitable Trust; Canada Foundation for Innovation; Craig H. Neilsen Foundation; Dr. Miriam and Sheldon G. Adelson Medical Research Foundation; Department of Veterans Affairs (USA); National Institutes of Health; Natural Sciences and Engineering Research Council of Canada,To graft human embryonic stem cell-derived spinal cord neural stem cells into rhesus monkeys in two spinal cord injury models: C7 spinal cord hemisections and more clinically relevant C6 hemi-contusions to assess functional forelimb revcovery as well as axon regeneration.,post
1487,http://doi.org/10.34945/F5B60R,Influence of the heme-binding protein hemopexin on functional recovery and tissue protection after T10 spinal cord contusion injury in male and female mice,Animal,2025,09/12/2025,Kroner,Dr. Kroner ,196,Mouse,C57BL/6; HE KO,Female; Male,Charles River; Jackson Lab; VA Born,8-10 weeks,0-3 months,NA,16-30 g,Contusion,Not reported,Impactor,Infinite Horizons impactor,40,Force; Displacement,NA,NA,Thoracic,T11,Genetic,Hemopexin (Hx) knockout,BMS; Ladder walking,Weight support,hemopexin; hemorrhage; neutrophils; secondary damage,NA,Craig H. Neilsen Foundation,"To investigate the role of hemopexin (Hx), an acute-phase plasma glycoprotein that sequesters the blood breakdown product heme, thus preventing toxicity and inflammation induced by intraparenchymal hemorrhage after SCI.",post
1492,http://doi.org/10.34945/F5G02P,Blood brain barrier permeability and gliosis along the pain neuroaxis after unilateral cervical spinal cord injury and forced wheel walking exercise in female rats,Animal,2025,12/10/2025,Detloff Lab-Drexel University Collect of Medicine,Grace Giddings,75,Rat,Sprague-Dawley,Female,Charles River,>6 weeks,0-3 months,NA,245-316 g,Contusion,Unilateral,Impactor,Infinite Horizons impactor,200,Force; Displacement; Velocity,NA,NA,Cervical,C5,Rehabilitative training,Forced wheel running,Walking speed,von Frey; Forced swim test; Mechanical Conflict Avoidance Paradigm,astrocyte; BBB; BSCB; exercise; microglia; pain,NA,National Institutes of Health; National Institute of Neurological Disorders and Stroke; Pennsylvania Department of Health,"To examine how aerobic exercise influences blood spinal cord barrier (BSCB) integrity, vascular protein expression, and neuroimmune activation along the sensory neuroaxis following contusive SCI in rat.",post
1494,http://doi.org/10.34945/F52P50,"Assessment of Gait Data Collection Part I of III Parts: camera separation, position, and minimum number with a neurologically intact female domestic short-hair feline",Animal,2026,05/01/2026,Howland Lab,Van Sandt,1,Cat,Domestic shorthair,Female,Not reported,16 months,12-24 months,NA,3.05 kg,NA,NA,NA,NA,NA,NA,NA,NA,NA,NA,NA,NA,NA,NA,coordinate data; gait; infrared camera; kinematic; locomotion; reflective markers,1601; 1604,Not reported,To test if separation of infrared cameras positioned 60-80 degrees apart provide the most accurate and consistent gait analysis measurements and to determine the minimum number of cameras needed for reliable 3D coordinate marker data collections.,post
411,http://doi.org/10.34945/F58W2S,Exercise-Induced Changes to the Macrophage Response in the Dorsal Root Ganglia Prevent Neuropathic Pain after Unilateral Cervical Spinal Cord Injury in Adult Female Rats,Animal,2026,07/01/2026,Detloff Lab-Drexel University Collect of Medicine,Soha Chhaya,56,Rat,Sprague-Dawley,Female,Charles River,adult,Not reported,NA,225-250 g,Contusion,Unilateral,Impactor,Infinite Horizons impactor,200,Force; Displacement; Velocity,NA,NA,Cervical,C5,Rehabilitative training,Forced wheel running,NA,von Frey; Mechanical Conflict Avoidance Paradigm,activity-dependent plasticity; neuropathic pain; rat; rehabilitation,NA,Craig H. Neilsen Foundation; National Institutes of Health; National Institute of Neurological Disorders and Stroke,To examine the 1) underlying immune differences in the spinal cord and DRG between rats with and without pain and 2) immunomodulatory effects of exercise in pain reduction.,post
1495,http://doi.org/10.34945/F5Z01N,Individual-level therapist and patient characteristics and evaluations of rehabilitative interventions used to assess the reliability of the International Spinal Cord Injury Physical Therapy-Occupational Therapy Basic Data Set,Other,2026,13/01/2026,Linda,Not reported,200,Human (deidentified),NA,Not reported,NA,>18 years,NA,Adult,NA,NA,NA,NA,NA,NA,NA,NA,NA,NA,NA,NA,NA,NA,NA,clinical assessment validation; outcome measures; PT-OT Basic Data Set; recovery; rehabilitation; spinal cord injury,NA,Not reported,To assess the interrater reliability of the PT-OT BDS.,post
1346,http://doi.org/10.34945/F5F60P,EMG and Kinematic analysis of Human Central Pattern Generator Study in a child with Perinatal Thoracic Spinal Cord Injury,Clinical,2026,14/01/2026,Andrea Behrman,Behrman,2,Human (deidentified),NA,Male,NA,4 years,NA,Pediatric,NA,NA,NA,NA,NA,NA,NA,Not reported,Not reported,Thoracic,T2,NA,NA,EMG data for multiple kinematic endpoints,NA,central pattern generator; human spinal locomotor pattern generator; spinal cord injury,NA,Kosair for Kids,To examine the existence of a human CPG by leveraging a unique opportunity to follow the clinical and neurophysiological development of a child with a severe prenatal spinal cord injury.,post
1529,http://doi.org/10.34945/F5JS40,Diaphragm EMG and plethysmography metrics from male Sprague-Dawley wildtype rats and rats with Pompe disease,Animal,2026,23/01/2026,Dale Lab,Not reported,12,Rat,Sprague-Dawley,Male,Envigo,4-10 months,4-6 months; 7-12 months,NA,Not reported,NA,NA,NA,NA,NA,NA,NA,NA,NA,NA,NA,NA,NA,NA,breathing; EMG; plethysmography; Pompe's dise,NA,National Institutes of Health,To establish a 'respiratory signature' of disease across the lifespan in a rodent model of Pompe disease.,post
1517,http://doi.org/10.34945/F5T603,Intraganglionic CCL2 induced neuropathic pain and depression after unilateral cervical spinal cord contusion in adult male and female LysM-eGFP mice,Animal,2026,31/01/2026,Detloff Lab-Drexel University Collect of Medicine,Jonathan Richards; Grace Giddings,70,Mouse,LysM eGFP,Female; Male,Mutant Mouse Research Resource Center,>6 weeks,0-3 months,NA,18-37 g,Contusion,Unilateral,Impactor,Infinite Horizons impactor,40,Force; Displacement; Dwell time; Velocity,NA,NA,Cervical,C5,Drug/agent,Recombinant mouse CCL2,NA,von Frey; Hargreaves; Mechanical Conflict Avoidance Paradigm; Open field; Sucrose intake; Forced swim test,CCL2; depression; dorsal root ganglia; macrophage; pain,NA,National Institutes of Health; National Institutes of Health: HEAL Initiative,To test whether augmenting DRG macrophage recruitment via bolus intraganglionic CCL2 delivery would reduce pain-related sensory and emotional dysfunction after cervical SCI.,post
1410,http://doi.org/10.34945/F51W2M,"Clinical outcomes of participants with chronic, thoracic SCI following perilesional spinal neuromodulation",Clinical,2026,09/03/2026,Borton Laboratory,Jonathan Calvert,3,Human (deidentified),NA,Not reported,NA,Not reported,NA,Not reported,Not reported,NA,NA,NA,NA,NA,NA,Not reported,A; B,Thoracic,T3-T6,Neuromodulation,"Two epidural electrode arrays, one rostral and one caudal to the SCI lesion",NA,NA,epidural stimulation; human; neuromodulation; neurorehabilitation; thoracic spinal cord injury,NA,Carney Institute for Brain Science; Defense Advanced Research Projects Agency; Department of Veterans Affairs (USA); National Institutes of Health; National Research Foundation of Korea; Susan and Isaac Wakil Foundation; ,"To evaluate the safety and feasibility of a bidirectional, perilesional neuromodulation approach to restore function in individuals with chronic, thoracic spinal cord injury.",post
1519,http://doi.org/10.34945/F5PG6W,"Quantifying lesion size, fibroblast and macrophage density at 4 and 28 days post thoracic contusion in young and middle-aged female C57BL/6J Mice",Animal,2026,26/03/2026,Jae Lee Lab,Jae Lee,52,Mouse,C57BL/6,Female,Jackson Labs; in-house colony/breeding,2-13 months,0-3 months; 4-6 months; 7-12 months; 1-2 years,NA,18-38 g,Contusion,Not reported,Impactor,Infinite Horizons impactor,65; 70,Force; Displacement,NA,NA,Thoracic,T8,NA,NA,BMS,NA,age; astrocyte; contusion; C57BL/6J; fibroblast; macrophage; mouse; proliferation,NA,Else Kroner-Fresenius Foundation; National Institute of Neurological Disorders and Stroke; The Buoniconti Fund to Cure Paralysis; The Miami Project to Cure Paralysis,To compare young (2-3 months) and middle age (10-12 months) mice in contusive T8 injury outcomes at acute and chronic timepoints.,post
1536,http://doi.org/10.34945/F55G67,Activating Systemic Inflammation with LPS Drives Microglia-Mediated Degradation of Perineuronal Nets after Cervical Spinal Cord Injury in Female Lewis Rats,Animal,2026,21/04/2026,Karim Fouad,Jaison Cucarian,64,Rat,Lewis,Female,Charles River Canada,9 weeks,0-3 months,NA,165-295 g,DLQ,Unilateral (right side),Blade/wire,Custom blade,NA,NA,NA,NA,Cervical,C4-C5,Drug/agent,LPS; LPS+Minocycline,Lorelimb locomotor scale,Paw position; Sickness score,extracellular matrix; lipopolysaccharide; neuroplasticity; perineuronal nets; spinal cord injury,NA,Canadian Institutes of Health Research,To examine whether the subacute inflammatory response induced by LPS promotes the breakdown of perineuronal nets (PNNs) and whether PNN degradation is mediated by LPS induced microglial activation.,post
1587,http://doi.org/10.34945/F5888V,Genioglossus EMG metrics from male Sprague-Dawley rats during electrical stimulation after C2 hemisection and C1 transection injury,Animal,2026,27/04/2026,Dale Lab,Alyssa Mickle,6,Rat,Sprague-Dawley,Male,Envigo,3-6 months,0-3 months; 4-6 months,NA,337-418 g,Hemisection; Transection,Unilateral (right side hemisection C2); Complete (transection C1),Blade/wire,Microscalpel,NA,NA,NA,NA,Cervical,C1; C2,Neuromodulation,"Short bouts of varying amplitude electrical stimulation timed during the breath, between breaths, and throughout the respiratory cycle",NA,NA,breathing; hypoglossal motor nucleaus; phrenic motor nucleus; spinal cord stimulation,NA,National Institutes of Health,"To understand how electrical stimulation at the spinal level C4, targeting the phrenic motor nucleus, affects hypoglossal motor output under varying levels of injury.",post
1479,http://doi.org/10.34945/F5D022,"Curated, limited dataset of de-identified spinal cord injury, functional independence, and quality of life measures in patients from the TRACK-SCI study",Clinical,2026,04/05/2026,TRACK-SCI De-ID Lab: UCSF Data Team,Not reported,115,Human (deidentified),NA,Female; Male,NA,18+ years,NA,Adult,NA,NA,NA,NA,NA,NA,NA,Traumatic,A; B; C; D; E,Cervical; Thoracic; Lumbar,Not reported,NA,NA,NA,SCIM; Neuro-QoL,quality of life; rehabilitation; spinal cord injury,NA,Craig H. Neilsen Foundation; Department of Defense (USA); Department of Veterans Affairs (USA); National Institute of Neurological Disorders and Stroke; Wings for Life,"To assess the extent to which initial injury severity, functional independence, and health-related quality of life (QoL) predict overall QoL in adults during their first year of recovery following a traumatic spinal cord injury.",post
1597,http://doi.org/10.34945/F5C31D,"Locomotor, Sensorimotor and Pain Outcomes after Graded Mid-Thoracic Contusion in Female Sprague Dawley Rats",Animal,2026,06/05/2026,PsychoGenics Neurotrauma Laboratory,Johana Bastidas,92,Rat,Sprague-Dawley,Female,Inotiv,10-13 weeks,0-3 months,NA,205-246 g,Contusion,Bilateral,Impactor,Infinite Horizons impactor,170; 200; 250; 250+,Force; Displacement; Dwell time; Velocity,NA,NA,Thoracic,T8,NA,NA,BBB; Ladder walking,von Frey; Hargreaves's; Acetone test; Gait analysis (NeuroCube),behaviour; bladder; cold allodynia; contusion; gait parameters; graded injury,NA,Christopher and Dana Reeve Foundation; National Institutes of Health; National Institute of Neurological Disorders and Stroke; PsychoGenics INC,To develop and characterize a standardized rat thoracic contusion spinal cord injury (SCI) platform using a commercially available injury device by applying a graded injury model and a comprehensive set of validated assessments.,post
1609,http://doi.org/10.34945/F5ZS3B,"Diaphragm EMG metrics and C4 spatial transcriptomics from male Sprague-Dawley rats receiving different patterns of C4 epidural electrical stimulation after varying levels of injury (intact, C2 hemisection, C1 transection) and/or picrotoxin administration",Animal,2026,22/05/2026,Dale Lab,Amickle,52,Rat,Sprague-Dawley,Male,Envigo,3-7 months,0-3 months; 4-6 months,NA,330-477 g,Hemisection; Transection,Unilateral (right side hemisection C2); Complete (transection C1),Blade/wire,Microscalpel,NA,NA,NA,NA,Cervical,C1; C2,Neuromodulation,Short bouts of varying amplitude electrical stimulation,NA,NA,,1587,National Institutes of Health,To understand how electrical stimulation of different paradigms and amplitudes at the spinal level C4 interacts with local spinal circuitry (i.e. what local neuronal populations are activated as determined by FOS mRNA spatial transcription) to produce and pattern diaphragm EMG output under varying levels of injury and local spinal inhibition.,post
1282,http://doi.org/10.34945/F5VC85,Early Injury Characteristics and Motor/Sensory Measures to Predict Neuropathic Pain After Spinal Cord Injury Using Acute Clinical Data from TRACK-SCI,Clinical,2026,22/05/2026,TRACK-SCI De-ID Lab,Dr. Kyritsis,61,Human (deidentified),NA,Female; Male,NA,18+ years,NA,Adult,NA,NA,NA,NA,NA,NA,NA,Traumatic,A; B; C; D; E,Cervical; Thoracic; Lumbar,Not reported,NA,NA,NA,ISNCSCI,neuropathic pain; polytrauma; spinal cord injury,NA,Craig H. Neilsen Foundation; Department of Defense (USA); University of Californica San Francisco Spinal Cord Injury Centre of Excellence; Wings for Life,To develop a prediction model for the development of neuropathic pain in chronic spinal cord injury (SCI) patients using acute clinical care data.,post
1612,http://doi.org/10.34945/F5FS42,"Robot-assisted rehabilitation supports cortical network reorganization after nerve transfer surgery to treat chronic, complete cervical spinal cord injury",Clinical,2026,04/06/2026,Hollis Lab,Dr. Hollis,3,Human (deidentified),NA,Not reported,NA,18+ years,NA,Adult,NA,NA,NA,NA,NA,NA,NA,Not reported,A,Cervical,Not reported,Rehabilitative training,Six weeks of intensive robotic training (upper extremity) at least 1 year after nerve transfer surgery,NA,Ashworth; ASIA upper extremity motor scores; CUE; GRASSP; SCIM; Kinematic outcomes (InMotion hand and arm robot),nerve transfer surgery; rehabilitation; robotics; spinal cord injury; TMS,NA,Burke Foundation; National Institutes of Health; New York State Department of Health Spinal Cord Injury Research Program,"To assess the impact of intensive, robot-assisted rehabilitation training on functional recovery and cortical reorganization following nerve transfer; the primary endpoint was assessment of hand and arm function measured by the Box and Blocks Test.",post
1616,http://doi.org/10.34945/F5KK60,Pairing ampakine with brief hypoxia evokes sustained increases in neural drive to the diaphragm via a spinal NMDA receptor mediated mechanism in anesthetized male rats and increases diaphragm electromyogram activation after cervical spinal cord injury in unanesthetized male rats,Animal,2026,27/07/2026,David Fuller,Prajwal Pradeep Thakre; Sabhya Rana,112,Rat,Sprague-Dawley,Male,Inotiv (Envigo),10-16 weeks,0-3 months; 4-6 months,NA,311-362 g,Hemisection,Unilateral,Blade/wire,Microknife,NA,NA,NA,NA,Cervical,C2,Drug/agent; Other,Ampakine + acute hypoxia,NA,,ampakine; hypoxia; injury; phrenic; spinal cord injury,NA,National Institutes of Health,To address a series of fundamental questions regarding the impact of pairing ampakine with acute hypoxia (A-H) and the cellular mechanisms being activated to enable phrenic motor facilitation (pMF).,post
1604,http://doi.org/10.34945/F52K5Z,Assessment of Gait Data Collection Part III of III Parts: knee triangulation of hindlimb stepping from a neurologically intact female Felis catus,Animal,2026,23/09/2026,Howland Lab,Van Sandt,2,Cat,Domestic shorthair,Female,Not reported,16-17 months,12-24 months,NA,3.5-3.95 kg,NA,NA,NA,NA,NA,NA,NA,NA,NA,NA,NA,NA,NA,NA,gait analysis; joint kinematics; knee triangulation; motion capture; stair descent; treadmill stepping,1494; 1601,National Institutes of Health; Veterans Affairs (USA); University of Louisville Rebecca F. Hammond Chair,To address best methods for knee triangulation in models when placement of reflective markers on the knee generates inaccurate data due to skin movement.,post
1601,http://doi.org/10.34945/F5788J,Assessment of Gait Data Collection Part II: data interpolation of hindlimb stepping from a neurologically intact female Felis catus,Animal,2026,28/09/2026,Howland Lab,Van Sandt,1,Cat,Domestic shorthair,Female,Not reported,16 months,12-24 months,NA,3.05 kg,NA,NA,NA,NA,NA,NA,NA,NA,NA,NA,NA,NA,NA,kinematics,data interpolation; gait analysis; joint kinematics; motion capture; overground walking; pattern gap filling; rigid body; spline,1494; 1604,National Institutes of Health; Veterans Affairs (USA); University of Louisville Rebecca F. Hammond Chair,To test data interpolation strategies for reliable marker data collections when fewer than 2 cameras recorded marker positions.,post